ANOMALY,FULLTEXT
1,اه يافاشل افتخر ولا يهمك لانك انسان انتهازي حقير  تابع للسفاحين والموالين  والسفله ولولا تكن تشبههم لما افتخرت بهم مبروكين عليك لانه وعلي قول المثل اللي متلك روح لعندو
1,ما شبعت بعد لحوست سرامي ولك طلال
0,عمل تويت عم يسال عن جدوي شيطنه جبران باسيل قاموا شيطنوا الو وما خلوا اتهام وما اتهموا فيه
0,عم يشتغل لابن زايد هلق مجبور
0,اكثر ثلاث كلمات متداوله من الاكثر للاقل باسيل جبران الوزير
0,غصبن عنك وعن امثالك كلام وزير خارجيه لبنان جبران باسيل بيمثل السياسه الرسميه للدوله حبيت او ما حبيت مشكلتك
1,كول هوا ياعرص
1,مين قلك ما ناسر بي ومين قلك ما تفجر بيتي  ؟   ومين قلك انه عم باخد رايك بالاساس  ؟    ؟   كول هوا وقحط من صفحتي وبدل ما تتكامخ
0,وئام وهاب يشتم يتيم المجد
1,بس ياهبيله بس
0,اسم الله عليك شعلت زكا
0,جبران باسيل مسيحي خيب ظن ابناء دينه وجلدته من المسيحين اللبنانين بجميع طوائف المسيحيه
1,حيوان هوي وحذبو معودين عالزحف والتزقيف
0,حما الله لبنان وشعب لبنان العظيم
0,اكدت اوساط الرئيس الحريري ان الامور تتجه نحو الانفراج بعد قبول جبران باسيل ب  حل وسط بالنسبه الي ممثل اللقاء
0,ضيعان الفهم يادكتور
0,الله يطول عمرك يامعلم يابن معروف لاصل
1,دخلك انت بتعرف معلمك باي مجرور من مجارير الضاحيه مخبي ف خراس
0,يا ريت نصف السياسين في لبنان بيحكوا مثل جبران باسيل
1,ماحدا حمار غيرك وغير ملكك هل بغل يابن الستين صرمايه جاي من ورا الابل والغنم وبدك تحكي خراس وسد تمك احسن مادعس رقبتك يلعن شرفك
0,انا براي هناك فرصه الان لنذهب بالطائفه الي بر الامان بوجود توافق درزي علهم يفهمون
0,باسيل اذا ارادت اسرائيل حفظ امنها وهذا حقها
0,مشكله الوطن بسوء الانتماء وتغليب المصالح الخاصه
1,هنن اعتقلو وانتم قتلتهم في كوباني وعامودا نسيت ولا اذكرك ياطشم
1,بن جدو الكلب شو بده يطلع منه
0,يعني نشوب حرب ببلدك دليل علي عدم وجود قياده حكيمه في سوريا
0,كيف بتبهدل حالك ب تلات حركات جيب جبران باسيل وعملو وزير الخارجيه ويطلع يتحفنا بافكاره دوليا مش بس محليا
0,اكبر جريمه ارتكبها السياسين اللبنانين هو اختيار ميشيل عون رئيسا للبنان
0,خليك منتظر ليرجع جبران باسيل الله يرحم ايامك ياميشيل عون
0,اكد وزير الخارجيه اللبناني جبران باسيل الاحد ان بلاده تخطط اقامه تبادل تجاري وخطوط نقل وغاز وسكك حديد مع العراق
1,تضرب انت والفهم يامحترف انت مين انت لتحكي عن السومه هيك الغير احترافي واحد  متلك طشم يحكي هيك عن  كابتن بحجم انديه كبري وللعلم السومه اكثر حدا بادر للالحتاق بالمعسكرات للمنتخب ف سدو لبوزك
0,صعبه يغيروا عاداتهم دغري ياريس نطور عليهن شوي فسادهم متغلغل في نفوسهم
0,مع احترامي لكاتب هالقصيده مين ما كان بالنسبه الي يلي بهمني لبنان وبيروت وشعب لبنان
1,اذا كانت الجرعه الزائده اعطيت له بهدف انه لا يتعذب تحت المنشار  يجب ان يعطوهم جائزه نوبل للقتل الرحيم والله اعلم ياطشم
0,مياومو الاعلام قديش قابضه يافاسده لتحكي بالسيء عن الوزير جبران باسيل
0,طبعا الكلاب معروفي مين مقصوده
0,قبل ان يصل جبران باسيل الي الخارجيه كنت اتمني وصول وزير ديناميكي شجاع قادر علي الدفاع عن الثوابت الكيانيه
1,فخامه الخروف حوله حسن زميره خروف مثل ما عمل منك جاموس كلكم في زريبه حسن زميره
1,ما لفتني الا موضوع انو لازم تكون لائقه عشان واجهه لبنان  ولك ياطشم عم ينضرب فينا المثل بالزباله والفساد ايا لائقه لمبي اه ياهبيلي
0,جبران باسيل اخطات اعترف بالخطا وتراجع عنو
1,تضرب منك لحزب اللات عمللء ياطشم
1,يا بغل العلم الي حضرتك حاطه هو علم تركيا ياطشم يعني مابعرف غبائك العجيب وراثه ام اجتهاد شخصي بس تري يلبقلك علم تركيا لان علم الحمير علي حساب مستجحش
0,في كتير عالم ياخي ما بتعرف او ما بدها تعرف حقيقه فكر جبران باسيل
0,انت بتموت بتبسيط السياسه والمجتمع لكم كلمه مالهن علاقه
1,صهيوني براسك ياصرمايه
0,معق حق جبران باسيل من وين الو الحق يحط خطه كهربا من وين الو الحق ينقب عن النفط
0,التشكيك بصدق باسيل التشكيك بصدق السيد
1,ليك ياهبل احكي ععدد الشعر يللي براسك ياقرع النحس عاملكم عقده اللواء ياطشم
1,لا والله يلعنك ويلعن تركيا وروسيا وايران يارقي انواع الطشم وهل بعد العلوي طشم يلعنك محتل
0,اشتري جبران خمس عشره بقره زرع عشر وترك الباقي يلعبون في الثلاجه فماهي كميه الزيت الموجوده في البيض
0,ليك سؤال كيف بيقدر جبران باسيل بموقعه كوزير خارجيه ما بيمضي عهالمرسوم يوقف هالناجحين
1,اضحكني لك اصحي ياطشم بجوز كلكم تسقطوا هه لعنكم الله انتو والملالي
1,بيطلعلك تنتقد الشعب السوري ياجربان انتوا انجس قوم يابناء ابوجهل وابولهب رائحتكم نتنه مثل ارائكم ياجهله
0,يعلن معهد جبران باسيل للعلوم الماليه عن بدء دورات ماليه اختصاص اداره الدوله من دون ميزانيه الوظيفه مؤمنه
1,ابوجهل عم الرسول ياحمار يامثقف يقطع عمرك روح الغي صفحتك ولاعاد تشهنق يابهيم لاني فعلا هزلت
0,يرحم جدك كان يغرد ع السجره
0,انظروا الي الخبر بشان صهر الرئيس
1,يا زلمه كلهن هيك بالسعوديه طشم
0,سؤال مفخخ اغلبيه التويتريون لا يحبون ولا يطيقون جبران باسيل
1,سكر نيعك ياحقير ياعميل رخيص ياطبل
0,ايه الله العظمي جبران باسيل قدس الله سره ذكر ان امير قطر تخطاء الحصار
1,شكرا قطر واهلا وسهلا باميرها الشيخ تميم بن حمد ال ثاني حفظه الله رغم انفك ايها التافه من انت
0,كل واحد لا توئيده بدك اتحطوا بالسجن اذا الكل يتبعوا هذا السلوك لا يبقي احد بلبنان خارج السجن
0,هذه الترجمه كامله للمقطع تاني مره تعلمي اصول المهنه والتحقق
1,سعودي عالنوم ياطشم بيكفي هبل لليوم ما بدك تخلي شي لبكرا
1,كول هوا ياحمار اليوم
1,عقبال مانكسر راسك يابهيمه
1,هه فشرت برقبتك لانك غيران وهبيله هه زحط روح انقبر اقراهن بالاول يابسين
0,اقسم بالله ما حدا بدو حكيم نفسي الا انت مش طبيعي والله العظيم
1,وئام وهاب والله لو وجدت من هو اقذر منك او اسفل او اكثر انحطاطا لدفنت نفسك انت عنوان للرذيله والدياثه
1,ع فكره مو بس المثقفين العرب حمير في مثقفين اجانب بيوزنوا الف مثقف عربي بالتياسه
0,والله ياخي البلد ما بقي منو غير العظم الله يرحم ايام السنيوره طلع اشطر الشيخ
0,وطننا يحتاج الي شعب جديد
0,شو اشبو سعيد ميرزا يافهيم  ما كنت انت وغيرك بدكن رضاه
0,لا يادحوم ليش البلوك حرام عليك
0,ما بقي تقول له بك  ان زمن البكاوي دفن وانتهي واصبحت عظامه مكاحل
0,قد ما تملقت حنجيبك العقاب لوهاب وهاب قاتل ابو دياب
0,هؤلاء الي مزبله التاريخ
1,هي تركيا العاهره ذات الشعب القذر والقوميه القذره ويلي عملتو منها انتو الاخونجيه كعبه للمسلمين اللهم دمر تركيا ارضا وشعبا
1,صح بشار ابن كلب بس قليل اللي عم يعملوا بالسورين شعب عرص منافق بلا ضمير بيكون لاجئ بيصير بده يتطاول عللي مستضيفه
0,هذول اكراد من جماعه معروفه اسنيورت كلهم اكراد عنصرين
1,يخرب بيتك ما ابشعك
1,كذاب بنص عيونك لعنك الله ياكاذب تكذب وتنافق كي تدافع عن اسيادك الاتراك المجرمين تف عليك وعلي الاتراك الارهابين
0,واله اللي ختشوا ماتو حاج بقي قرفنا كتير واللعبه مكشوفه العقاب لوهاب وهاب قاتل ابو دياب
0,من كان منكم بلا خطيئه فليدعم الشعب السوري
0,الي شركائنا في الوطن من المرده الي حركه امل الي القوات الي الكتائب الي الاشتراكي الي فلنتفق علي نقطه عدونا الموحد
1,هو من حزب الحق والعقل يابهيمه الاخوان
1,بسكوت وراحه سموها هيك بس بلواقع هني قصدن خراس وريحنا
1,ما يصير تقول عن البنت ناقصه عقل وانت لاحقها من شارع لشارع يابهيمه
1,جوليت چوليت يابني ادم براس بهيمه
0,لكن حضر حالك ياقمر
1,لن ارد عليك يابن المتعه يالطام النعال ليس لاني اكرهك واكره دينك  فقط انا احتقركم
0,شكرا قطر واهلا وسهلا باميرها رغم انفك وانف من يعارض واذا هاي القمه ماكان عندا ولا انجاز بكفي انجاز
1,روح كول هوا واتمرقد
1,السومه تاج راسك ي كلب
1,السومه كلب بشار وبشار كلب ايران
1,لقد كان عاما مليئا بال يلعن روحك ياحافظ
0,شو عم تاكل كتير شاورما من عند معلمك
1,ولك ياجحش انتوا من ايوم الاول مطرودين ليش تبكي تبكي امك عليك بجاه ربي يلعن روحك ياحافظ علي الخرا لي خلفتوا
1,كول هوا انت الثاني
0,كل المباريات خارج مجلس الخدمه المدنيه معرضه ان تخضع للمحسوبيات والواسطه ونقطه عالسطر
0,بينحب الوزير ملحم رياشي بس ليش الوزير جبران باسيل بدو يكون عطول الحاضر الغايب
0,تكرمي بنت العم ؛المهم بالموضوع انو البراظيل ما رح تفوز بالكاس وسوف نري
0,ويطولنا بعمرك شيخ الجبل
0,لا مسؤولي عن الاعاقه الفكريه لامثال معاليك يابيك
0,عالحق ما حقها شي  تحياتي
0,في فئه من الناس لما تحكي بالسياسه اي رئيس مو مهم مجرم قاتل مختلس نصاب فاسد المهم انو مؤيد للقضيه الفلسطينيه ولو بالكلام
1,جبران باسيل لا يمثلني يمثل نفسه والعيله وحزب اللات الارهابي
1,هدول مستعدين يقتلوا الناس هيك شروي غروي لازم نقتلون كلن
1,طيب كول هوا اذا بدك تقلل ادب يلا انقلع ظحط
0,والبري من اين له هذا مافبديكم لالو
0,مش معروف شو بدو  شو عدا ما بدا
1,فراس الخطيب كلب خاين لدماء الشهداء
1,اللي استقبلوك اتفه منك ياخونجي ياخائن
0,عوي شي جديد
1,حذف تغريدته لانه كلب من كلاب الترك شركسي الاصل او يوناني
1,كول خرا
0,ليس لوزير الخارجيه جبران باسيل الحق بدعوه الجامعه العربيه لاعاده نظام الاسد اليها بل هذا موقف تتخذه الحكومه اللبنانيه
1,مسكين مصدق روحك واهل لبنان ردو عليك وايران وروسيا ايش دورهم في سوريا وانت اكبر داعم للارهاب يالمنافق
0,الله حيهم بني معروف
1,جورج روق قاصي مرتشي كلب مثلك رح نشوف قديش جورج رزق بدو يبقي قاصي فاسد انت ياشركسي مش مطول ولا عيلتك في الله
1,نحن اللبنانين ما بدنا يسلمو سلاح للدوله لان شايفين كتير منيح الدوله شو عم تعمل بالشعب روح كول هوا ونام احسن
1,كول هوا يابو هلاله
1,وئام وهاب تتذمر من زياره الكلب وانت ذيل له ماهنا فرق بينكم كلكم خونه وماضيك لايشرف
0,انت القدوه ابو هادي
0,يا فهمان يامقاوم حرر القدس وشو بدك بل الخزعبلات حرر بلادك وشو بدك بغيرك ونحنا معك انسي السنه والشيعه ساند حماس وفتح ولا فتح خزعبلات كمان ونقطه ع السطر
1,انت كلب واطي بل اخلاق مجرم توام بشار الاسد كلب منحط غير درزي شركسي ارحل قبل ان نرحلك الي جهنم ياوليد حزا
0,ما حدا بمثلني غير الشيخ نعيم حسن واقتضي التوضيح
1,راك شركسي ياكلب وفوقها قاعد تعطي في رايك ياتركي حقير
0,عن اي عرب تتكلم روح ياشيخ الله يهديك المهم الجيبه مليانه والمعده مفوله والدماغ طاير
1,ارمني يوناني يحمل جنسيه المانيه من مواليد سوريا يعني ابوه كان لاجئ كلب ابن شحاطه بسوريا كاتب علي واجهه شركته الخاصه يجب ان ترحل ميركل لك ياحيف علي الفول والحمص اللي اكلته ببلدنا يابن الصرمايه
0,مصاري مافيش لو بتفقع الف مالح تاخد
1,كلكم خروات ياحكام العرب ومخابراتهم وبيجوا اولاد الكلب بقولولك يعني شو البديل يجو الاخوان والقاعده لو يجو ويدبحوكن واحد واحد بسكينه مصديه قليل عليكون
0,عاملك عقده الله يعينك
0,اجراءات انه يفشل وتطلع بريطانيا بدون صفقه يعني
1,بعده هالبغل عايش
1,ارمني كلب حقو فرنكين مرتزقه وحثاله بهدلتو ومسحت فيه الاراضي وما جاوب
1,اصلا كل البنات جاهلات
1,حاج تحلم يانبباح بشار انتهي الي غير رجعه
0,ما حدا بموت والو عند التاني شي ياقائد العين بالعين والسن بالسن والبادي اظلم انشالله بكرا بذوب الثلج وببان المرج
1,هو ماهو بالاساس كلب ارمني لاجيئ
0,كنك شان حمله علي قطر شكلك عايز مصاري من السفير السعودي سعاده السفير مش هيعبرك
0,خدوه وبيطلعلكن معو امير المقعد الشاغر طلال ببلاش
1,بصراحه معنا حق اسالت البنات بنص الماتش مستفزي وغبيه
1,طلع كلب تفو علي السومه  والله كنت بحبو بس للاسف طلع خاين لبلده واهله وناسه
0,قصدك قصر المتاجرين الجدد
0,لو في دوله بتحترم حالها كما قلت
0,شي بيعوض عن شي الانجقام ببريطانيا ارحم من الانجقام بسوريا
0,شو ما كان وبدك كبسون تكرم يامحترم
1,كول هوا مره تاني وحلوا عن طيزو وطيزنا ومقلعين شوكنا باءيدينا ملا صرمايه
0,يا لطيف شو هالهضامه عم تشرشر هه
0,وزير الخارجيه اللبناني جبران باسيل شكر امير قطر وقال ان وصوله الي بيروت مبادره لكسر الحصار عن القمه العربيه الاقتصاديه
1,ساكطه السواكط نازله هبد بالشوايا علي صفحتها الفيسبوتشيه وصار لازم ترد عليها بحزم كليلن فكط لا غير ياقالي
1,انا براي تسد نيعك وما تتفلسف كلهم فاسدين انا بوافق بس تبيض وتطبيل من المتخلفين الكل…
0,خليك ع لكل كلمه بيحكيا الزعيم الكبير الكبير وليد بيك جنبلاط قالها منذ يومين صبرنا طويل جدا
0,عندنا مثل يقول البيض الفاسد يدردب علي بعضه
1,مياومو الاعلام وشائعاتكم ما رح تغبروا عل صرمايه الوزير الملك جبران باسيل يلي بتشرف اعلامكم واصحاب محطاتكم الماجورين
1,ياخي انا بكره البنات كره العمي
1,اودع مليار عشان حزب الشيطان بلبنان يمر بمرحله صعبه بعد ما توقف الدعم الايران اثر الحصار عليها
0,ضب حالك افضل ماتحكي بشغلي مابتفهم فيا شكور ربك بعد في عرب بيوقفوا حد بعض وقطر تاج راسك وراس الكل
1,خسئت لبنان وكل الدول اللتي تدعم نظام الفسد لعنه الله عليهم
1,بكره كل البنات نفس الريحه
1,سارقا من عند اومك مش شايف قديش بتشبها هيدي كانت تقعدك عليها لما تعزب يانوتي ونسيت قلك كول هوا
1,دويله قطر بحق دوله مارقه فاسده سيئه السمعه
1,ما خبرونا كلاب تبع قافله ام تي في بيعوا بالعربي او الفرنسي
1,ايوا فضحو حالكن ياكلاب سعوديه واحد ورا واحد اعلام سعودي قاطعوا ام تي في
0,واخيرا اعترفتي ليش جبران باسيل مكروه عند البعض
1,بيكفيكن عهر وكذب وتلفيق اخبار بحق جبران باسيل جماعه بلا اخلاق بلا شرف بلا كرامه
0,كلنا معك ويكون عمرك طويل
1,قناه ال ام تي في بتسوي صرمايه هيه واصحابها والي داعمينها السعوديه وبيت الحريري اشرف منكم ياكلاب
1,قديشك واطي يامارسيل السيد نصر الله مش بس بي الشيعه هو بي كل لبنان وكل حر عندو كرامه بهالدني واكيد انت ما عندك ياها ولك تفي صار الوقت
0,توني لازم قال جبران باسيل انه اذا احترمت اسرائيل امننا بلبنان فنحترم امنها
1,هوا عليك وعلي كل الالوان نحنا عنا لون واحد برتقالي غصبا عنك يابن الكلب
0,اما وزير الخارجيه جبران باسيل فكان له جهد حثيث وكبير في التوصل الي صيغه عربيه مشتركه تدعو المجتمع الدولي الي تحمل مسؤولياته
0,فيق علي حالك وانتبه ما تقول شكرا قطر بعد عده اشهرمن شهرين كنت عم بتسب ارسلان
1,انت حمار باللغه العربيه
0,مبروك عليك ومقاومه عن مقاومه بتفرق وبخصوص التسجيل معك حق بدنا توضيح ويا ريت ينفتح تحقيق
1,كل ما تنزل تغريده بتكون حتجن ياهبيله
0,زين العمر لهذا احب جبران باسيل
0,جبران باسيل للمره الثانيه علي التوالي يقر بحق اسرائيل بالوجود والامان
1,خراس ما الك علاقه
1,ما انتو بحد ذاتكم الباطل عن اي حق عم تحكي ياجلبوط
0,دوله ما زالت قائمه علي القانون العثماني عاجزه عن محاسبه عماد العثماني
1,كلب ابن كلب من كلاب ام تي في
0,ع نات شادي مع جبران باسيل شكرا قطر
1,يا كلاب يام تي في جيبو سيرت فلسطين انتم الصهاينه عملاء
0,وممكن تطويل لسانك علي من ينهب الدوله
1,اكبر متخلف عرفتو الدوله اللبنانيه انت هيك عم تحرق دين العيش المشترك ياعنصري ولك اني كنت ايد الرئيس
0,شو خص جبران باسيل ما فهمنا
1,ومبسوط فيها ابن الحرام متل بعض السياسين الي عنا بتنشر عرضو بقلك الدنيه عم تشتي
0,لو بتحيد كنت بترتاح وبتريح
0,الملك جبران باسيل بوزع شرف وصدق واخلاق ع كل اللي متلك
0,روح جيب كهرباء وبلا هل شعارات الوهميه يلي قوم شتغل ياصبي
0,ما في حق بيضيع وخاصه حق المظلوم الله يحميك ياكبير
0,مش جاين نسجل نقاط علي بعض
0,جبران باسيل ياسف لغياب ليبيا عن القمه الاقتصاديه ويتحدث عن عوده سوريا الي الحضن العربي
0,يلي عنده جبران باسيل وبي الكل ما بيلحق ع انجازات
1,ما حد طلب شهادتك يالوح
0,كلام مزبوط مليون بالميه وليد جنمبلاط انت عليك بعبيدك اما نحن الاحرار ما الك هلاقه فينا
0,خدو هالتغريده وروحوا نامو انتزعه السهره الهارب من العداله بيحي وزير العدل خبصها مبارح هاجم العدل والعداله والداخليه
0,شيخ عقل في دويله حزب الله وليس في دوله لبنان
1,وائاب وهاب وجريده الاخبار وصرمايه عماد عثمان بتمكم يافاسدين يامنافقين لك انت ونظام وايرانك علي اجره عثمان
0,خود تصبح هيدا شكلو كل ما يسمعك عم تحكي عليه
0,مو مشكله رفيق رفع الروح المعنويه وحشد الطاقات فرض عين علي كل مواطن
0,كرمال هيك الممثلين الحقيقين لم ياتوا فكر فيها
0,فبركت الكذبه وصدقت حالك مفكر الناس مصدقتك العقاب لوهاب وهاب قاتل ابو دياب
1,عم بحكي عنك انت ياخرا
1,اعتقد ان مارسيل غانم هو واحد حيوان
1,مارسيل غانم عباره عن كلب عوائه ونباحه فارغ
0,جبران باسيل الوزير الملك
0,كن عزيزا واياك ان تنحني مهما كان الامر ضروريا فربما لا تاتيك الفرصه كي ترفع راسك مره اخري عمر المختار
1,مارسيل غانم انت واحد كلب حقير مرتشي لاذمه ولا ضمير
1,ليسوا  كل ابناء المتعه الخنزيريه من النصيريه او المجوس او الشيعه بل هناك من بقيه الاديان ايضا
0,وبشر الصابرين بالفرج
0,ليش بعد في مؤسسات دوله معالي الوزير بدك شعب ليكون عنده دوله والردود عليك بهيدي الطريقه
1,طز فيك وببرنامجك يامارسيل غانم كلب سعودي تفه لك لو حدا عم بهاجم السعوديه متل ما هاجم ضيفك روؤساء لبنان لكنت طردته من الاستديو بس كلب متلك سعودي بتاخد كلامه بابتسامه ولا كانه حكا شي تفه
0,اخر فضيحه
1,ولك انت مين ياحشره لحتي تشبه حالك للعملاق مارسيل غانم
0,جبران باسيل من الملتقي الاقتصادي العالمي في دافوس ينصح لندن واشنطن
0,جبران باسيل وزير الخارجيه اللبناني اسلوب وقح في خطاباته الان تاكدت لماذا لبنان بلد تعج بالزباله
0,سبحان العاطي وقتها ما كان معو حق قشاط جبران باسيل
0,شيعه بعلبك والجنوب بيشتغلو بشركات وفنادق في قطر لانون قرفانين لبنان يلا قرربت
0,شو النفع في الاف الفلترات والتطبيقات لتجميل شكل الانسان ولا تطبيق لتجميل نفسيتو
0,منتمني عالفرق تعطي كم ماتش للسلام زغرتا لان وضعن مخطر بالهبوط عالدرجه التانيه مع الراسينغ
0,نحتاج الي مسؤولين جدد لاداره الوطن
1,شحاد بكرافاته يلعن روحك ع روح ملكك ع روح الاسد
0,اذا العونيه السياسيه طفت قلبكن جاي الباسيليه السياسيه تفلجكن وتخلص عليكن كابوسكن صبح وضهر وعشيه جبران باسيل
1,قذر مقرف حقير سافله اقل مايقال عم مارسيل غانم
1,مارسيل غانم انتحر اعلاميا للتو ظهر عن طريق الخطا بالبث المباشر علي فايسبوك في غفله منه وبتوقيت قاتل ركز علي اخر المقطع هذا ديدن اللبنانين اللسان عسل والقلب قذر
1,مارسيل غانم سد نيعك
1,اين مهنيتك ياصلع ياعبد المال شكرا لحقدك المدفون تفه علي مارسال غانم
0,اذا ارادت اسرائيل حفظ امنها وهذا حقها
1,كلاب جبران
0,تعو نفكر ليش الشيعه يلي اكلين البيضه والتقشيره والدجاجه بالبلد بضلن مزعوجين من جبران باسيل
0,تبقي الخراف كل عمرها خائفه من الذئاب علما بان الخوف الحقيقي هو الراعي
0,جبران باسيل ضربه عالحافر ضربه عالمسمار ساعه مع المقاومه ساعه مع امن اسرائيل ساعه ما في مشكل ايديولوجي مع العدو
0,عفكره اذا حطينا تنين جبران باسيل فوق بعضهن بيطلعو واحد تميم بن حمد
0,مزرعه وكل واحد فاتح عا حسابو
0,انا كمان وتونس عظيمه
1,والله مافي اهبل منك
1,يا ريت حركه امل وبري بردوا عا كلاب المستقبل امثال القرد علوش وغيره اد ربع ربع ما بردوا عا جميل السيد
0,قد ما هل العهد قوي فخامتو ميشال عون وصهرو اللي داعمو جبران باسيل اخذوا قرار ينهوا العهد بلا حكومه
1,سحسوح ع رقبتك انتي ومعلمينك اوباش
1,حبيب فياض اعترف بمقابله تلبفزيونبه بانو زعران حركه امل كلاب بيعضوا
1,كول هوا انت وياه ياواطي عرصات من بلادي
0,وهابو كلمتين بيناتنا ما حدا سامع ولا شايف من بعد ما ضحكك تاج راسك سعد الحريري كم لبناني عم يضحك عليك
0,الكردي بسوريا ما كان يسترجي يحكي كردي قدام العالم والقبطي بمصر كنيسته بتنهد فوق راسه بس انو قمع هاد مافي قمع
1,كول هوا العمي شو انك حمار
1,جبران باسيل حطرني لك ليش ياحيوان
0,لقد بني في الصحراء مدينه رائعه هي دبي ونحن حولنا وطنا رائعا الي صحراء بفضل عصابتنا الحاكمه
1,روح لطوم راسك بالحيط وعيط ما شفت اوسخ من كلاب حركه امل من كبير العيله ونزول
1,تعا لدق راسي فيك ياحيط وبالنسبه للكلاب العونيه احلي كلاب ع المزابل
0,ويكيليكس كشفت قديش جبران باسيل والعماد عون طلعو اوفياء للمقاومه مش متل غيرن بس هيك
0,وهاب لا يحارب الفساد وهاب يحارب الاشخاص الشرفاء وهو مدفوع لذلك همه الوحيد الهجوم عالرئيس سعد
1,فشرت ياكلب نحنا يلي داعسينكن من  وقت مدعسنا الفطيسه بشير
0,نحتاج الي مسؤولين جدد يعملو علي اعاده الوطن الي الاحلي
1,هول هني ذاتن كانو كلاب الفلسطينيه ضد حركه امل
1,والامامو علي انه كلاب اربتعش اذار ما بدن الي شباب حركه امل
1,انت لا مرحبا بك بلبنان ياوهاب الصرمايه
0,مؤمنون بلا حدود طلعت بالاخر ليتها الحدود
0,والله ياستاذ وئام بعتقد انو الشعب صار بدو تغير لانو غاشي وماشي
0,طال عمرك ياقائد ياجبار
0,السياسه هي ملجا الكاتب الفاشل ميشيل عفلق
0,معقول احمد ياسين عم يشتغل مستشار اعلامي لمعالي وزير الخارجيه جبران باسيل
1,كلاب حركه امل فلتانين ع السورين
1,يا عمي روح كب حالك بارب زباله يازباله ريحتك طلعت يامعفن
1,الله اعلم شو في دماء ب رقبتك انت ياوهاب الكلب العقاب لوهاب وهاب قاتل ابو دياب
0,جبران باسيل ادان الانتهاكات الاسرائيليه المستمره يوميا وهذا واجبه ليس منه ولا موقفا مقاوما
0,هه من يقول هذا جبران باسيل المسيحين يريدون تطبيعا من فوق الطاوله
1,الاوغاد تبع تويتر قفلولي حسابي امبارح قال هالتويته الموجهه لبغل الممانعه شافوها ما هذا الهراء
1,كول هوا يزم
0,وزير خارجيه لبنان جبران باسيل اذا ارادت اسرائيل حفظ امنها وهذا حقها
0,وهاب حبيبي والله ضيعتني بربك انت مع مين صدقني ما بقول لحدا سرك ببير وشوشني حتي ارتاح
1,روح انتحر كب حالك بالبحر اطهر ارض وانجس قوم
1,سد نيعك ياصرمايت بشار
0,ولله لو عملتوها ع سكايب وبلا هالبلبوشه
1,روح كب حالك بالزباله ولك انت مابتنقبل حتي بتدوير النفايات ولك ياجحش الرئيس عنا مقدس انت شو حشر انفك مشتاق لشي بوط عسكري ولك حيوان
0,نحنا الاخلاق ياحذيفه ولو
0,هاد يلي بجيب المسبه لحاله
0,باسيل لاعاده النازحين ودعم قطري للبنان باسيل يبحث لحل عقده تشكيل الحكومه
1,العاهره متلك بتدعي العفه والحرامي بيحلف بالبراءه
1,كل الصواريخ وماصار عنا شي اعرف ياحمار الله معنا انتو مين معكن كلاب السعوديه سلمان لبغل لي باع شرفوا انصحك بدراسه التاريخ
1,يا جربوع الاكثريه هي لبتحدد ولو بيكفي شهاده عبارتك الشهيره كمان شاركت بالشحاده وبدكن شيخ الكن طيب
0,الله يريحنا من جبران باسيل بليله ما فيها ضو قمر
0,الله يحميك يابطل
1,روح ولاك تعلم تاريخ وادب بعدين تعال ناقش ياطائفي ياوهابي
1,روح بعيد ولاك سعودي وهابي كلب ياهل الاجرام والنجاسه يايهود خيبر
0,هلق هيدا يلي طلع معك جبران باسيل متل جيري ماهر وقطيش
0,عماد عثمان مجرم الله معك معاليك
1,انت يافارس ياواطي يارافضي يامجوسي العرب والبدو الشرف منك ياعديم الشرف
0,التيار الوطني الحر ميشال عون
0,لك من جهه ان شاء بضل حرقه بقلبك وبلاطه ع صدرك وغصه بزلاعيمك الشيخ سعد ومن جهه تانيه بضل جالطك اللواء عثمان
0,عماد عثمان مش قاريك مش قاريك عماد عثمان وهيدا المجننك
0,ملاين منكم يشتغل بالخليج لو تم ابعادهم كان اكلتوا الحشرات
1,يلعن روحهم كلهم الاسبوع الجاي ان شاء الله
0,نحتاج سليمان فرنجيه رئيس للجمهوريه وفيصل كرامي رئيس حكومه وبري رئيس مجلس النواب وهاب والسيد والشرفاء نواب
1,فشرت ولاك حيوان وهابي كلب ساعتك قريبه يالقيط
0,نحنا مع انو القاتل ياخذ عقابه الي اي جهه وحزب وتيار ومذهب ومرجعيه انتمي وهذا بالنسبه للمرحوم محمد ابو دياب
0,اول حرف من اسمو جبران جرجي باسيل
1,قبل ما يموت كزا واحد من ال سعود رئيسنا ما راح يموت والله ليجننكم ولح تبوسي صرمايه كل سوري ياهبله
1,روح من وجهي ولاك وهابي نجس يلا حقك بلوك تفه
0,مثلها مثل التعديات يلي موجودي علي نهر الجاهليه صح اللا لا
0,مثل الكليشيه وبشكل يومي في حدا بده يعاير التاني بيقوم بيشبهه بالكلب والله اذا حدا شبهني بالكلب بعتبرها مدح شديد
0,الدين العام صار مليار
0,جبران باسيل ساجعل المسيحين في يوم ما ينسون زعامه كميل شمعون وتجربه بشير جميل
0,هالانسان اذا بتقطع عنه البهدله بيختنق هه
0,تراه يحتاج لمقعد جديد
1,هلق السعوديه والامارات مناح حيرتن والله كلن اخري من بعض
1,حيوان مقمل وهابي قذر نجس يلا ولاك علي خيمتك
1,اجا الوقت لقلك ياعقاب صقر انك اجحشن جحش بالعالم
0,هيدا تدخل بالشؤون اللبنانيه ما بيكفي عامل ميليشيا بارضنا ومحتلنا
0,مازن عزي جبران باسيل مندوب مبيعات سوري
0,كلامي ان حزب الله الحامي الوحيد للبنان معناه ان في لبنان
0,يهودي منهم وفيهم
0,عجبا لقوم لا يمكنه التميز بين المحسن والمستغل
0,شر البليه ما يضحك
1,واحد من زغرتا بيسوي عشرين واحد قوتجي
0,و الله منو قليل جبران باسيل جالطكن انتو كمان
1,اما انت كا زعيم بي قريه زغرتا بس يسير بدك تتمسك تمسك بي رصن الجحش ياجحش
1,ولك انت سقفك زغرتا فهام بقا اذا بتدعس برا زغرتا ببزقوا عليك العالم وما بتسمع غير كلمه ياخاين
1,انت اخنزر من الخنزير واوسخ من الوساخه حثاله امعه جعر نتن
0,الحلو بالعهد انو عم ينقلنا ع مراحل جديده
0,الوزير جبران باسيل الافضل لمحاربه الفساد
1,خراس ولا حيوان انا مني من جماعه ريفي لكن انا بفتخر بالرجال وليس بالطانتات متل معلمك جحش قريطم
0,من الشيخ سعد الي الحكيم صفحه وطويتا ومن عمري ورميتا ياخساره حبيتو وما بيستاهل حب
0,صار بالمربع الامني وانسحق
0,معاليك مفهومهم للناس مغاير لمفهومك عندهم الناس مجرد ارقام وحسابات
1,سياسي عاهر
0,هه ما تقلي جبران باسيل
1,انت وين امك
0,مع حبي الك معاليك اذا كان في عدل يجب وضع الامارات وسعوديه قبل قطر قطر كانت واجهه للسعوديه
1,خراس يلعنلك هالراس واحد حمار دب حيوان
1,خراس يادب انت معاق وبلا فهم واحسساس
1,نقبر الله يشلك
0,وطننا يحتاج الي زعماء من الوطن واليه
1,كول هوا يانبباح
0,ال مليون دولار التي دفعتها قطر هي اخر خرطوشه للوزير جبران باسيل في لبعبته بالهروب الي الامام والتي للاسف يجاريه فيها
1,لعمي بعيونك ماجحشك ولو
0,فيك تقلنا مين قتل وسام الحسن ياكنز المعلومات انت
0,تفضلوا هاي عينه من الظلم يلي خلفوا جبران باسيل والتيار البرتقالي ها نتيجه سكوتنا
1,ولك روخ انضب ياخاين شوف مين كان مجتمع معهم اتتو وحلفائكم
0,فليفعل ما يشاء ارادتنا اقوي ولو كلف ذلك حرب اهليه
0,خربو بيروت وسرقو المال العام وخربو بيوت الناس هول بيخدمو حالن ما بيخدمو الناس
0,نحتاج سليمان فرنجيه رئيس للجمهوريه وفيصل كرامي رئيس حكومه وبري رئيس مجلس النواب وهاب والسيد والشرفاء نواب عن الامه
1,وقصر ابن الحرام
0,روح ياسفير السلام انت
0,هيدا الجيش الاكتروني ضد وهاب شو قصته القافله تمشي وتنبح مع اني ما بحب وهاب بس هيدا الجيش الاكتروني خلني اكتب هذا الكلام
0,جبران باسيل لل بدنا نعلم اميركا ولندن يمشوا الدوله بلا ميزانيه ولك وين ما راح جرصه
0,لولا اليونان وتركيا عملوا تبادل سكان ب اكبر عمليه تهجير قسري في ذلك التاريخ كانوا عم يتحاربوا لهلق سيناريو قبرص مستمر يعني
1,معك خبر انوا اصغر قطري صباطو بيسوي راس يلي خلفك ياصعلوك روح اندحش بي طيز بشار النعجه تاعك
0,فرجنا عضلات لسانه
1,هاد ما بدو خزره زرقا بدو نعل الجحش
1,لهلهله ياكلب الامريكان عم تشتم الاستاذ بسام
1,لعمي بعيونك شو مسمه
0,قد نسمع احدهم يقول كرامه عماد عثمان من كرامه اهل السنه في بلد كرامه الطوائف فوق كرامه الوطن والمواطن
0,علي الاقليه ان تصبر وتعمل وتشد ازرها لتصبح اكتريه لا ان تستقوي وتشبح لتوصل
0,امام كل اللبنانين الشرفاء فلا تجعلوه طائفيا مثلكم لانه اكيد سيرفض تفكيركم
1,هيدا بتحطوا بتمك ياحيوان هيدا منطقكن
1,ياخي الولاد الصغار من عمر تلات سنين بدهم حرق خاصه لما يطلعوا معك بباص بقرفوا
0,يللا املنا كبير ع يد سموه تنفصل الحجاز وتهامه عن نجد
0,والد علي النعيمي راشد عبد الله سكن وعمل ودرس في قطر واخد جنسيتها وارسلته قطر ليدرس هندسه بترول
0,هو الحق علي السد يلي عامله جبران باسيل غرد كمناصر
1,كل يوم بتتاكد قديش العرب بدهم حرق
0,اتحادكم لخير الموحدين قلب الموازين زياره وهاب للشيخ الغريب
1,الانستا يوزر كلهم بدهم حرق
0,للاسف في بعض القيادات الخليجيه لسا عندها نظره جدا سطحيه من مجرد ماحكا كلمه علي امير
0,هناك من يسعي لجلب قوت يومه مهما كانت الظروف بائع متجول يحتمي تحت مصدر رزقه من شده المطر لا تكاسروهم بالاسعار
1,لانو صاحب المشروع سني وهيدا ملكو انت شو يلي قاهرك ياحمار انت عالسياره بالجاهليه بتاخد تشبيح عالعالم
0,التقي وزير الخارجيه محمد علي الحكيم مع وزير الخارجيه اللبناني جبران باسيل في العاصمه اللبنانيه بيروت
1,كلاب الامارات بدهم حرق الله يلعنهم
1,جبران باسيل حليف حزب الزباله حلفاء شياطين ايران لبنان المزبله ومصدر المخدرات ومصدر الارهاب
1,انت كتير حمار ياوئام
1,كل يوم بتعوي لتلفت النظر وما حدا شايفك خلص احترقت ياهبل العقاب لوهاب وهاب قاتل ابو دياب
0,انتهت القمه واثبت جبران باسيل انه رجل دوله بامتياز وانه المفكر السياسي الاول علي صعيد البلد
1,العرب كلهم بدهم حرق وبس
1,انت حمار ياض
0,معالي الوزير حضرتك واعي شو عم تحكي اي نتائج واي مباراه مطبوخه وخالصه كل مباراه خارج مجلس الخدمه المدنيه
1,يا عيب الشوم عليكي شو هل بضاعه
0,يتوجه وزير الخارجيه والمغتربين في حكومه تصريف الاعمال جبران باسيل الي سويسرا للمشاركه في منتدي دافوس الاقتصادي
1,هؤلاء كلهم لا يردعهم الا النعال في وجوههم امراء النجاسه والنفاق والعهر
0,وين زعيم عربي اللي ما ذل شعبه ودمره
1,النازحين السورين بكل وقاحه بيطلعوا يطالبوا الدوله اللبنانيه
1,انت واحد صرماي
0,القمه العربيه الاقتصاديه والتنمويه والاجتماعيه في لبنان ومؤتمر صحفي لوزير الخارجيه جبران باسيل ولامين عام الجامعه
0,من لبنان معلومات خاصه ل  اندبندنت عربيه من اوساط الحريري ان الامور تتجه نحو الانفراج بعد قبول جبران باسيل رئيس التيار
1,اكيد الوطن مش بحاجه لحيوانات متلك
0,اتعجب بكميه بالرد الساخن لما هذه المهاجمه هل اصبحنا في فراغ لا شغله ولا شيء سوي الكلام السخيف اعتذر
1,والله ماحدا حمار غير الشعب اللبناني الاخ طالعو يخت وعامل فيها مدير
0,في واحد طلع شرش عليق ب دارو اهملو وما اهتم فيه اليوم صار دبشه كبيره بدا قص
1,العما شو هالحمار
1,كول هوا صارو
0,يطل جبران باسيل من ارفع منتدي سياسي اقتصادي بالعالم دافوس مدافعا عن نظام الاسد مانحا الحق لاسرائيل في الوجود
0,هو وغيره من العملاء ممن يسمون انفسهم زعماء للعرب هم عملاء لدي الصهيوني والامريكي كفانا قرف اسمه زعماء
0,يا عمي انتبه من الحب ما قتل خفف شوي كرمالك
0,بيلبقلو يابس انت واسيادك الاقزام بتحاولوا تكبروا حالكم لما بتنتقدوا امام الامه وسيدها وحامي كرامتها يابلا كرامه
1,حتي بالاقتصاد حمار
0,عنا جواسيس للتوزير
0,لا يوجد مشكله مع دمشق لكن المشكله مع النظام الحاكم في دمشق لا يمكن اختصار سوريا بنظام او بشخص بشار الاسد
1,هذا الكلب نصر اللات ما مات اللهم اذقه عذاب الدنيا قبل الاخره
0,جبران باسيل هو نفسه لا يتغير في الداخل يعزز الشراكه اللبنانيه وفي الخارج يعزز التفاهمات العربيه انه مهندس السياسات
0,اذا انتو الفلسطينيه منقسمين فتح وحماس كيف السنه والعلويه بدهم يتفقو بعد ماقتل العلوين من السنه اكثر مما قتل اليهود من المسلمين
0,وبالمناسبه المقال يطال الكثيرين ممن يعملون علي لفلفه الامور للاسف ضيعانك يالبنان
0,فساد
0,مشهد لقطيع من الضباع تهاجم ملك الغابه الاسد وتغير الموقف بعد فزعه اخوه ما اجمل التعاون بين الاخوه
0,بتوقع بعد شكر السيد حسن للوزير جبران باسيل لازم نخفف اتهامات بلاطعمه
0,لا يحق لاي شخص بلبنان اين من يكن الكلام عن شخص اخر بالفضائح او بالفساد كل من يتكلم عن هذه الامور يصف نفسه بنفسه
1,الرد المناسب في المكان المناسب فهمت ياوئام وهاب الكذاب
1,لو بتخرس ولا احلالك انقلع شقفه مجنس لاجئ عندنا
0,كمان السيد نصرالله شو سطحي مقابله بهالاهميه قال انو جبران باسيل صديقه مين سالو اصلا عن اصدقائه
0,يا ريت تعمل ل الرئيس الحريري ت يجاوبك
0,طالما انها تعزز الثقه بالوضع الاقتصادي والمالي اللبناني فما المانع من التهليل
0,معقول عم تقل بالعشا كرمال هيك عم تحكي شعر
1,خفف اكل برازء خلصنا
0,تشعر بالسعاده لما تشوف احد الاشقاء متعاطف مع مظلوميتك وبعدها تنصدم انو نفس الشقيق من عشاق سياده حاكمو المفدي حجي نحنا شعب بجم وهمج ودون وبنستاهل كلشي عم يصير فينا شيل تعاطفك وحل عن قفانا يقطع عمرك ماغلظك
0,بدك ما الك الا تكذب عن جبران باسيل
0,انتي شكلك مو سوريه بس عم تزعمي
1,كسالي عالات علي البشريه كل اطبائكم ومهندسيكم ومدرسيكم سورين نحن الي عملناكم بشر
0,جماعه الحركه هلا اجتن الشهامه والعنفوان حمداله الله يخليلن التيار اللي علمن شو معنات المقاومه
0,قبله تنطح قبله غرد كانك فواز اللعبون
1,لو في دوله كنت انت بالحبس يالحيس الصرامه
0,وطننا يحتاج الي من يشبه صدام حسين لاننا شعب لا تليق به الديمقراطيه
0,لو كان بيفهم لكان ضب لسانوا من زمانن مقهور من طلال ارسلان بدوا وزير كمان قال يلا بغرد بركي السوري بيشفق علي
1,يخرب بيتك ماعرفتك
1,عاد حمار
1,انتي شو دورك بحزب الصرامي مسؤوله الشفايف
0,في كم شب من الجبل بعدهم عم يشتغلو ويسترزقوا بقطر ومعيشين اهلهم من خيرها تركهم بحالهم خلص فهمنا
1,لقاء خلده يلي بيتضمن جعارين مرتدين لا فهم ولا اخلاق عملاء تابعين للجزمه السوريه عيني لا انت ولا
0,ما فهمنا شو يعني وهذا ما ابلغته لمرجع كبير وما هي غايه نشر مثل هكذا كلام
0,الصحفين القريبين من المقاومه وانت منهم بتشوفوا الوزير جبران باسيل من منظار واحد وحيد مدافع
0,ياجبل مايهزك ريح معالي الوزير جبران باسيل
1,وانت ع شو احتديت ياحمار هه
1,اردوغان عباره عن ابن انيسه اخونجي
1,من دمر سوريا هو المجرم القذر بشار الاسد ولسبيا دمرها معمر
0,بس وصلت لعند محافظ علي تقاليدو ودينو كنت رح اغلط عتقاليدو ودينو
0,اعجب قياسكم للوطنيه هذا المخلوق لا وطن له هو خادم لنظام الاسد ونظام الولي السفيه
0,عزيزي جبران باسيل بدك تعرف كتير منيح انو مش شغلتنا نحفظ امن اسرائيل يلي ما منعترف ولن نعترف ب وجودها ابدا
1,استغرب من كلب من كلاب عرب الشمال المهاجرين من قمع اوطانهم يجي يحاضر علينا كالعاهره تحاضر عن الشرف ياعزيزي ليس كل الحكام مثل بشار الحمار
0,جبران باسيل قبل وبعد
1,شو ياوجه العنز عرب الشمال الي برجلهم بتشرفك وبتشرف كل واحد مثلك وانتم الاعراب اشد كفرا ونفاقا سنح الي حامل رايك ما اتيسو
0,الرئيس ميشال عون الرئيس العربي الاصيل
1,علاء مفكر تشي غيفارا ناشط حقوق انسان علاء حمار
0,لا حول ولا قوه الا بالله
0,لاسباب كتيره  جبران باسيل الافضل بين المرشحين
1,بس بحكي منطق عالقليله يابهله
0,المحسوبيات ما بينعملن ثوره بس جبران باسيل اذا بارز عالساحه اكتر من غيرو منتذكر الثوره
1,انت كول هوا نحن حرين انتوا اعداء الله والانسانيه علي الارض
0,ليش بدك تلزقيني تهمه مالي دخل فيها قال عرب قال اختي الكريمه انا ابن الشام ابا عن جد نحنا اصلنا سريان هدول حضارتن قبل حضاره العرب ازا اللهم كان عندن حضاره بشي سنه
0,في الداخل وفي الخارج موقفنا واحد لا يتغير لبنان ولبنان وثم لبنان هذا هو جبران باسيل
0,قمه السعاده لما تحضر منا وجر
0,يا خليك بحالك احلا ما تسير هلق
0,رسمه قديمه رسمتها لرزان زيتونه رزان تمثل لي احلي شي بسوريا واحلي شي بثوره
0,البني التحتيه عنا عامله تحتا
1,جبران باسيل اكثر الساسه نفاقا
0,عفكره اذا حطينا تنين جبران باسيل فوق بعضهن بيطلعو واحد تميم بن حمد
1,هه والشام مو عرب ياغبي صراحه مرره ذكي كيف تتكلم العربيه وتقولي مو عربي غبي بجد
0,هيدا كل ما بيخسر بالقمار بيرفع الهجوم مش عارف انو جبران باسيل واللي متلو لا يرشوا ولا يرتشوا
0,هل تعلم ياعزيزي المتفاخر بان الاورثوذوكسيه ما زالت حيه في فينيقيا بان الفينيقين ما كانوا مسيحين
1,الله لا يعطيكم العافيه فوق تعبكم لو ضلينا روم افضل ونحنا رومان اصلا وسريان يامه الجهل والخرف والهبل
0,ضياع الهويه السوريه هلا نحنا سورين ولا عرب سورين ولا كرد سورين ولا اشور ولا سريان ولا تركمان
0,الفرق بينا وبينكم ياعرب انو نحنا مشرقيون وكلدان واشور وروميون وسريان نحن ابناء الفينيقين اسلام ومسيحين نحن اهل المشرق وسكانه الاصلين
0,هو ما قال اسرائيل لها حق بالامان مين عم يترجملك ياخ
1,نحن فينيقين ولسنا العرب اعوذ بالله من اصول العرب هه العرب جرب
1,لولا الفلسطينين واللبنانين والشامين لكان انتو لليوم تشربوا بول البعير تاكلون بصحن وتبزقون منو
1,مش عيب تخبرنا شو بتقلك امك عنك لعمي كل هودي انت يلا ولا صرصور انقبر
0,وزير الاتصالات القادم واحد منهم ايه بس هالمره غير
0,معلومات الخطوه القطريه اتت اثر مشاركه امير قطر في قمه بيروت وبعد مساع بذلها وزير الخارجيه جبران باسيل
1,ملعون هو وابوه وابو عيلتو وابو اسرائيل علي ابو الي بدو يروح ع اسرائيل لعمي اوقح من السورين المعارضين وانذل واخون انا ماشفت ولاعيني رات
0,معاليك دائما علي حق
0,ترانا نحتاج الي حبه عنفوان ونبذه تعالي ورشه كرامه كما وترانا نحتاج الي تغير الطبقه السياسيه
0,اكيد حكي عن حقه بعدد الوزارات يلي بيستحقها التكتل
0,بمناسبه عيد العمال يتقدم شباب لبنان العاطل عن العمل من الاشقاء والعمال السورين باحر التهاني
0,مياومو الاعلام كل شائعه فيها جبران باسيل بيغلي سعرها
0,طل الملك طل الله القوات والحكيم وبس ولك يقبرني الله
0,بس تفل انت ويلي جابك بيظبط البلد
0,غلط كل هدول كرمال جبران باسيل
0,سوريا لا تعطي شكات بل تعطي الكرامه وعزت النفس والعروبه
1,صدقت وانت كذوب
0,باسيل من بيت الوسط يتم البحث بافكار عده لتشكيل الحكومه
1,طز فيك لك اي عرب انتو يلي دمرتو الامه العربيه وقفتو اسرائيل علي قدميها وجعلتوها اكثر امن وامان  ياعربان قال عرب قحاح قال
0,الي الذين ينتقضون جبران باسيل علي محطه من دون مايفهموا مضمون الكلام الدبلوماسي لانه يخاطب روءساء دول وشعوبها
1,حبيبي خراس
0,شو ما دفعلك
1,من انت وان كنت عمامه ترتدي فما انت الا لزعيمك السياسي تعبدي فما انت الا حقير يطعمه الزعيم الفاسدي
1,والله ياستي حتي عربان بطلوا يلبقوا الها همه بعران حمير خنازير اشي متل هيك
0,المطلوب خروج جبران باسيل من المعادله السياسيه
0,الوجبه الشهيه رح تكون جبران باسيل المعين مرعبي
1,الحمد لله كل من يعرف تاريخه جزمه ابن ستين جزمه حريمي يامرتزق
0,كفوا لسانكم عن القائد الخالد جوز انيسه
0,عماد عثمان رح يدعس راسك ان شاء الله وغدا لناظره قريب
1,وفي طبقه مستقله هي البغال البشريه مثلا الاخ صاحب التغريده ادناه
0,هذا رايك ولكن نقاشنا عقيم لان الوطنيه هي كل ظفر لبناني وليس الالاف ولك حريه التبعيه لوئام
1,السيد الرئيس الكافر بشار الاسد يحتفل بعيد المولد النبوي الشريف القياده الحكيمه منحبك
0,الشيطان الاصغر
0,هه هاي قمه عربيه لمساعده دول الخليج كل عمرو هيك لبنان ورح يضل هيك ياقائد دمت لنا صوت الحق
0,اسرائيل ترد علي جبران باسيل حديثه لل سي ان ان عن حق اسرائيل هو كلام من باب تمسيح الجوخ وتبيض الطناجر ليصل الي رئاسه الجمهوريه
0,الله يستر الشارع الفرنسي اليوم من خضه راشيل كرم عم تغطي التظاهره
0,هيدا مستواك وهيدي اخلاقك
0,لماذا السكوت عن تفاهات جبران باسيل اما انتم موافقين علي خطابه بالامس اما اصبحت الدوله من اعلي الهرم الي الاسفل وما بينهما
0,طبعا جبران باسيل ولا مجال للمقارنه مع اي شخص اخر
0,وهاب اقترح عرض العماد عثمان علي طبيب نفسي
0,عهد العماله
1,الله لا يحرمك من الهبل ان شاء الله
1,رئيس روحي  ؟   تروح روحك انت وكل مين شد عمشدك مش تنعترف بدار خلده واميرها الصغير بالاول ياحبيب قلبه
0,قطر التي عمرت لبنان بعد حرب تموز انتم تجلبون الخراب للبنان وقطر تبني خرابكم شكرا والف شكرا قطر
0,صباحك ورد معالي لوزير
0,صدقني اذا كب حاله بالبحر كون علي ثقه مابيستقبله رح يبزقه عالشط محدا متحمله الا لبنان
1,عندما يغرد القرد جبران باسيل
1,معقوله امك توحمت علي حمار
0,شخص غير مسؤول بسب قطر وبشيد بالامارات لان شكلها ماديا عم تساعده
1,لغيت الاعجاب الي بالغلط بس طويطر كلب
0,اصلا الكرسي الالماني تبادل ثقافي
0,رائحه الحقد ظاهره سؤال انت من يصرف عليك
0,ياعمي بتحب سوريه روح لعندها عيش فيها صرعت سمانا فيها انا لو بدلك بروح بعيش فيها بس بتعرف انك هونيك بتكون ميو بسين
1,انا بقلك راح الي جهنم بدك تروح لعندو العمي بقلبكم
1,يلعن روحك ياهنيه علي هالتصريح الصرحتو
0,بعد ان علم ان العهد القوي قد فشل وبعد ان علم ان جبران باسيل هو وزير خارجيه لبنان
0,ما قالك الهمالالي ممنوع التملق وتمسيح الجوخ لترضي اسيادك عكل انا حا قول قولتكم الشهيره شكرا قطر
0,كلام صحيح الله يخليلنا ياك ويخلي امثالك صاحب كلمه الحق
0,قويه ياكبير
0,هل نسيت ان اب وام هذا الامير كانوا اول من زار لبنان بعد حرب وزاوا الجنوب ومولوا
0,بدك تعميل رايتينغ للحلقه  ؟   هاجم جبران باسيل او اذكر اسمه مياومو الاعلام
0,لاء وزير خارجيتنا المفصوم جبران باسيل قال ان تميم فك الحصار عن نفسه وحضر القمه
1,عفكره وجع عيني عينك واقفين مع نظام فاسد تضربو بهالمنظر كلاب جحاش
1,ولا تنسي انه قال ايضا عن مذبحه تل الزعتر اتهم الماموس النجدي وتابعه ديوس الشام وهدهده
0,و اتضحت الصوره المواطنه والعروبه بحسب جبران باسيل وتميم
1,طز ب فرنسا اوفكورس
0,جبران باسيل مندوب المخابرات السوريه وحزب الله
0,لم يستطيع الكون مواجه اسد واحد كيف اذا كانو اسدين
0,اذا كان لواء عثمان عم يدمر مؤسسات الدوله انت عم تعمل فتنه في بلد لعن الله من ايقظها
1,هذا يدور قطري مايدري ان امير قطر سلم قطر للتركي الفاسق يعني خليك مشرد
0,والله يامعالي الوزير الهيئه التانيه بتظبط اكتر
0,ماشفت احد يحب جبران باسيل الا جمهور التيار  اتفق العرب واللبنانين علي كراهيه باسيل
1,تضربو بهالمنظر ياللي عم تقطعو الكهربا عندي امتحان بكرا وبدي ادرس شو مشانكم حسبي الله عليكم بس
0,انا براي بركي بتفتحيلو للوزير جبران باسيل ملفات هوي وببطن امو   ؟   حلوه الفكره ما هيك   ؟
0,هه سبق وراينا من هم اوهن من بيت العنكبوت
0,فخامه الفراغ
0,فعلا فعلا رحم الله وسام الحسن فعلا كان يميز بين الرجال وانصاف الرجال الا انتا ما كان يلاقيلك وصف
0,اذا الله عاطيهم ذكاء بالعيله ومش عاطيكم شو ذنبهم
0,والخراب اللي في اليمن وتقسيم اليمن وتشريد شعبه وتجويع شعبه واحتلال المواني فيه مش خراب
0,وهاب عن الخواجا وتشكيل الحكومه
1,نشاركك فرحك وضحكك علي طنبر الجاهليه
0,انو طلعت صرخت الشعب اللبناني كله وقاعدين بلا شغل وتسكرت محلاتهم بسبب النازحين هلق اذا جبران
0,اضحكتني لو انت بمكانو رح تسرق اكتر يعمي لازم يكون في شغل حقيقي كل واحد يتعاقب
1,لازم يعرضوك انت علي طبيب بيطري مختص بالامراض النفسيه
0,من افاتارك يلي شكله مكسور هو انفك
1,لازم تطبي عالارض انتي وال وتبوسوا اجر جبران باسيل لان بسببه عم تحصلوا علي دعم مالي خليجي
0,تاريخنا مشرف تاريخنا معروف منا بحاجه لحدا يخبرنا عن تاريخنا
0,اي شو يعني عم تنكت او عم تخلق جو  ؟    ؟   العمي ما ابيخك
0,قويه
1,ما بيضحك للرغيف السخن مثل البهورجي ومن الخلف الستار مجرد ذنب ومرتزق
1,كل واحد درزي عايش وعمبيشتغل بقطر يلا لبرا ما بدنا ياه لنشوف اذا فيك تتحمل مسؤوليتون ياوئام
0,نصيحه احكي مع الرئيس ميشال عون او هاجم جبران باسيل مليار دولار جابو من قطر شكرا قطر
0,يجب ان يعلم الجميع ان الشجره المثمره ترشق دائما بالحجاره
0,واستنكر الحسيني في تصريح الي «عكاظ» مطالبه «حزب الله» بدعوه النظام السوري المجمده عضويته في الجامعه العربيه الي القمه
0,نحن نفتخر بسماحه الشيخ نصر الدين الغريب شيخ عقل طائفه الموحدين الدروز صاحب الايادي البيضاء ونعتز به كممثل
0,صار يرسل وفود ابن الجاهليه بس مين سامع باسمه بفنزويلا
0,لا بد ان تسقط حين يراهن العهد علي ذاك الصبي الذي وصل جائعا للسلطه ولم يساعد في اي انجاز يذكر
1,اه ياهبيله علي اساس وقت كنت انت وزير كان عنك مصلحه الوطن ياكلب
1,صفتو بمسح صرامي ع باب المطار
0,وب بس انضرب لعراق من بوش الاب مابعتو لعرب جيشهم لضرب لعراق دخلك ما كانت سوريا بيناتهم لينفي لجنرال ويوقف لحرب بلبنان
0,واذا كان العدد الوف مثلا رقم بسيط بحجم سكان لبنان سكان ضيعه فلا يعدوا لاقتصاده بشيء
1,اجواء اوروبيه بواقع صومالي زنجي حقير
1,زنجي حقير يحسب نظام العصابات ينطبق علي كل شيء
0,اكيد عم تستقوي بحدا يامحتال ولو عملا شي مره وسمي انت شيخ بعضلاتك شو بدك بخلده والاوزاعي والكوستا برافا
1,طب خود هالكلمتين كول هوا
0,افكار نازيه لابن الجاهليه
0,سعدنا بلقائكم ايها الاحبه شكرا لكم جميعا جدا للغايه قلوب متعملقه حمراء وخضراء وبنفتحيه
1,انت كول هوا
0,السيد نصرالله العلاقه مع الرئيس ميشال عون لم تتزعزع ابدا والعلاقه مع رئيس التيار الوطني الحر جبران باسيل لم تتبدل ابدا
1,سودا كلبه لول حقيره
1,بوق لايران وكلبها وعميلها حسن زميره ومؤيد لاجرامهم وتتكلم وتتهم امير قطر بدعم مايسمي الارهاب عجبي
0,شكلك قاطع الامل ما يطلعلك ولا دولار
0,جماعه التيار الله يحميك
0,عماد عثمان مفكر لبنان كوريدور بيتو
0,يحق لهم ما يحق لغيرهم
0,اذا شي ولا حدا منهن بس بعتقد جبران باسيل اكتر واحد مؤهل فيهن
0,اكيد حتي جبران باسيل لا يرضي به
0,ما بكفي الحذاء يجب محاسبتهم جميعا
0,نصرالله كلام وزير الخارجيه جبران باسيل عن ضروره حل مساله اخفاء الامام الصدر كان مهما
1,ليك ياخريو حبيبي والله ما تزعل مني بس قسم بالله سعد الحريري ما شايفك بس شايف ع طرزك كتير يلله غالوبس ينعن شكلك
0,المدن جبران باسيل مندوب مبيعات سوري
0,الوزير جبران باسيل ردا علي سؤال ان كانت التوترات علي الحدود الجنوبيه للبنان مع اسرائيل تبقيه مستيقظا في الليل
1,خراس ياششمه فرنجيه خراس واذا مابتعرف شو يعني ششمه هي بيديه مرحاض  تلئ راسك ياحقير يازباله اصلا تاريخ عيلتكن اسود متل وجك
0,فخامه الرئيس لو شي فقير عبيعمل غرفه حتي ينيم ولادو كان تمرجل عليه عماد عثمان بس هذا الزلمي اسامه شهاب عامل مشروع بدون رخصه
0,وديعه بفائده عاليه من مصلحه السياسين اكيد ليسرقوها
0,كل شخص بيفتري وبيتعرض ل سمعه جبران باسيل مفروض يتحاسب
0,يستاهل الضرب اكثر قليل عليه هل الشئ
0,اعز الله دمشق واذل طاغيتها واعوانه
1,محل ما بيحط صباطه البراند دولته ما بيحط راسه قرعتك
1,لبناني قليل الحياء يستخف بالمشاهد بس هو مع من يدفع اكثر
1,كول هوا بتعرف
0,كان ورجيتونا شي وانتو بتحرقو علم قطر
0,عاجل وزير الخارجيه اللبناني جبران باسيل امير قطر كسر الحصار الذي كان سيفرض علي القمه ونشكره علي خطوه مشاركته شخصيا
0,والله كبرت وصرت تبعت وفود
0,صرنا عاملين مسرحيه الكيماوي خمسين مره لنعطيهم ذريعه واهيه يستخدموها باسقاطه بس عبث ما عمينتهزوا الفرصه يللي عميدفعولنا
0,معليش ما رح تتشكل وكل نوابا فاشلين
1,هذا يستهبل ولا اهبل من جد
0,المسؤول في التيار الوطني الحر ناجي حايك علي خطي رئيس التيار جبران باسيل في تبرير التطبيع مع اسرائيل ناجي
1,شو وضع الاعلامي اليهودي اللي نجس الحرم المكي ياواطي ما عندك غير تسال عن اللي وصل عندنا وانتو شغلكم تحت الطاوله
0,نهبتني فامض علي اثري لا تترك بعضي لاتعاسي
0,يا حرام هالوطن شو صار متحمل
0,شكرا علي ذوقك دائما مبيضلنا وجنا الشيخ نصر الدين الغريب
0,لك سيدي احسن مو قاعدين بلا شغل
1,العمي يعميك شو جحش صحيح انك بلا حياء وما عندك ذره كرامه ياواطي
0,انت سيد الزلام واكبر الرجال ومعلم وقبضاي انا اسف اني كفرت بالذات الالهيه تبعك وقلتلك انك عم تسوي شي غلط عفوك ورضاك ياسيد الرجال ياكاسر عيون الخوانس
1,شو هل كلبي انت بطهري لسانك قبل ما تحكي عن وليد جنبلاط وعن الدروز ياواطي
1,لعما شو واطي ولو انت بشك انك درزي ابصر ما بحط بدمتي انت نذل والقناه يلي ملفيتك انذل صرمايه وليد بيك عراصك ياحشره
1,لولا تميم وجبهه النصره كان بشارك انتهي زمان يامشلخ
0,وهاب ردا علي جنبلاط اتمني عليك عدم التدخل بالتحقيق في اغتيال محمد ابوذياب وقف التضليل
1,العما بقلبو عمي شو حقير وسافل وحاقد هل واطي ولك مع الديمول ما بينهضم
1,انت ناقص تحط تسعيره علي كلامك انت ماجور حاج تحكي وتورجينا انك فهيم انت ماجور وسعرك رخيص
0,خذ حياتي يالهي
1,اهلا اهلا باوطي جنس واطي شو كنت مختفي بمدرسه تدريب الكلاب عملت دوره تعوايه ياعو
0,الاجدي بوزير الخارجيه جبران باسيل الذي يستبسل مع رئيس الجمهوريه لاعاده سوريا الي الجامعه العربيه ان يركز جهوده وجهود العهد
0,ما بقي تنقل شعر شعر ما بقي تنقل حساين
1,بدوا صرمايه تسد نيعو وكثير عليه العمي شو واطي
1,اكيد اكيد اكيد هذا ما بيتكلم من تمو واكيد فهمنا ولك تفو عليك ياشيطان
1,بدك شي شاكوش يضرب راسك ليفتح مخك  السيد مش لاكشك باجرو
1,ما يبقي بعد النظر الا البقر بعد كل مخازي ونكبات ثورات الاخوان الخرفان مازال هناك بقر
0,بدك تقنعني انو النسوان بلا مكياج مش متل الطناجر
1,تفو علي طول عمرو واطي روح نضب ياطلال ياعيب الشوم عليك بس شو بدي يحكي الواحد طول عمرك هيك رخيص
1,يا حبيبي سعد الحريري باع دم بيو كرمال يعمر سوريا تفه شو واطي رح تروحو تحت الدعس طول بالك انت بدك تحكي رايس وليد بيك جنبلاط ياوطي
1,ثوره متخلفين طائفيه من الضيع والقري والارياف كلهن تجار دين دموين مانهن دكاتره عيون دارسين ببريطانيا متل سيادته
1,رح اخلعك بلوك قد راسك العما  بينص قلبك شو واطي
1,شو بدي قول اذا فيك دم روح فل من لبنان مكانك مش لبنان ياعميل بشار عفوا كلب بشار
1,وانت صغير يافتنجي
1,كول هوا انت واياه
1,شو بترد علي واطي وحقير مثلك جبان بلا اخلاق تفو يلعن ابو اصلك
0,يستاهل الردود العنيفه طالما لبنان لا تردعه
0,لو مواطن عادي بني خيمه قرميد ليستر عائلته لتحركه كل اجهزه الدوله وعندما تنهب مافيا السلطه الاملاك العامه لا تحركوا ساكن
0,وهل تسمع له ما يقول
1,ولا ساقط اكبر من حجمو
0,بس ياريت حدا بيعطينا اسم هالفطحل يللي طلع بفكره انو القطاع العام يسكر السبت
1,للمفارقه في بلدي علي اليسار باسل الصفدي عبقري خوارزميات ومصنف بين افضل مفكر عالمي وعلي اليمين حافظ بشار الاسد الحاصل علي لقب جحش الرياضيات
0,قمه بيروت نكته صدقها جبران باسيل وراي فيها نفسه مسؤولا عن لبنان فيما هو لا يكبر ولا يمثل
0,هذه المره خبصت ياوهابايه تلي حصل قطر وايران اصحاب وايران وحزبله حبايب شو صار قلبت علي قطرما دفع
1,فعلا نطقك وشكلك مقزز جدا
0,الاستاذ وئام وهاب من ارقي الساسه بالشرق الاوسط صريح شجاع مهني شريف وطني تحياتنا من العراق الجريح
0,التاريخ بيتذكر رجال لهم قراراتهم كلمتهم تبقي لاجيال واجيال عندهم خط سياسي واحد ما بزيحوا عنه اصحاب رؤيا
0,اثناء قراءه شعر ايليا ابي ماضي بحب اشكر حظنا جميعنا انو ادباء المهجر ما كانوا من جماعه نحنا مش عرب نحنا فينيقين
0,وزير خارجيه لبنان جبران باسيل هو ممثل النظام السوري بقمه بيروت مادامت سوريا موجوده ليش بري قاطع القمه
1,عم بيهاجمو جبران باسيل حقنا نرد ونقللن انو اعلامكم مرتهن وفاجر
0,المباراه حاليا متل فصيل مسلح جربان ضد جيش جربان
1,بس حدا يقول مين هو هيدا النذل الطرطور يلي عمل هيك بامو تفه عليه شو واطي الك يوم ياعاق والله ولادك رح يكبوك كبه اوسخ من هيك وما تلاقي مين يلمك
0,نجحنا بقوتنا شكرا فخامه الرئيس ومعالي الوزير جبران باسيل
0,وديع الشيخ هو جبران باسيل الفن
1,يخرب بيتك شو واطي
1,مايقدر يرد ابن درزيه واطي
0,لما هشام تصالح مع جبران باسيل صار معو مشكله مع صديقه جاد
0,فينا نعرف مين المرجع الكبير معاليك  ؟    ؟
0,وقال نفس شي عن الحركه المهم سمعته شو قال عن الوزير جبران باسيل صدمت صعقت جلطه جبران حلت عليك
0,فين في التغريده قولت كلنا ونحب احترم رايك بس لا تقولني مالم اقله
1,بدي تاكل هوا وبس
1,هذا ليس الكلاب من كلاب ايران وحزب الشيطان
0,ولك ياعمي خلولنا شي واحد يوقف كرامه فخامه هلرئيس اخر ايامه حاجتنا بهدلي
0,حمير المصيبه بينسمع كلامهن
0,تقبرني جبران باسيل قبل ما تنسينا زعامه كميل شمعون وانجازاتو جيب الكهرباء يلي وعدتنا فيها بال وبس تخلص
0,الله اكبر عليك اللي استحو ماتو العقاب لوهاب وهاب قاتل ابو دياب
0,لن ينسي اهل سوريا المجرم ابو صوايخ اللي بدو يحرر القدس بس يخلص اول علي نساء واطفال سوريا
0,افيخاي ادرعي شكرا علي المواقف المشرفه يامعالي الوزير جبران باسيل
1,كول هوا
1,حقي ياسافر ياعديم الحشمه والحياء
0,وهاب ردا علي جنبلاط لا تتدخل
0,والله انك انت بتحكي باصلك كرمال هيك عم بحاربوك من الضاحيه الف سلام لرجل الجبل وئام وهاب
0,في واحد بي المكسيك ناطرينو يطلع من العصفوريه بي هل يومين انشالله
1,بيسي بيسي ناو قومي خراس بقا
0,زمن التبعيه والتعطيل اكيد مين في غيروا جبران باسيل
0,مهضوم ما باك شي  بس لو قالولن بتشبهوا وئام وهاب كانو استقالوا
0,مبلا بيقدر يغضب علينا اكتر ويستقيل ويجي محله جبران باسيل
1,عماد عثمان منو قاريك خليك عم بتعوي من اليوم لبكرا
0,عزيزي وجهه نظرك هي وجهه نظري هذه الارض من البحر للنهر هي فلسطين وليس من وجود لكلمه اسرائيل
0,نهاد الرعديد هه
0,قويه هاي
0,انا لا يمثلني جبران باسيل ان يكون وزير خارجيتي اذا كتير حابب تطبع مع اسرائيل ما في مشكله معاليك
0,ريتك خ وما حكيت
0,معالي وزير التخبيص الخارجي
0,قرفتنا يازلمي
1,اهلا وسهلا بامير قطر تاج راسك يافاسد يابوق روح عقطر وشوف التطور والتمدن والاحترام
1,اذا اردت ان تشتم انسان فتقول له حمار اما اذا ا دت ان تشتم حمار فما عليك الا ان تقول له انت وئام وهاب
0,اه والله معاليك معك حق عملوا اضرب من جماعه يلي هللوا لتدخل ابو علي بوتين بالحرب السوريه
0,شغلتك ومشغلتك بوق
0,اشترت وزاره الخارجيه عالقليله يقولولنا مرسي
0,استاذ فارس هذا هو كلام الحق وهكذا عرفناك لا نريد عودته الي لبنان لانه لا ينتمي الي لبنان وشعب لبنان الشرفاء
0,الحريري حليف قوي للمملكه وهو من يؤلف الحكومه ليش ما بيبعدو عن التشكيله الحكوميه لا بل يعيد ويكرر
1,الاردن بنت ميتين الوسخه قفلت الحدود بشكل كامل مع درعا عشان لا مدني ولا عسكري يعدي لما حمله النظام تبدا الاردن ياما عطلت
0,جبران باسيل حاقد علي مفرزات الطاءف ويعمل للانقلاب عليه ليعيد الي الموقع المسيحي قوته قبل الطاءف
0,لم يقولوا جبران باسيل
0,استحوا بقي
1,عمرنا ماتدخلنا بغيرنا ابعدوا كلابكم عنا والمنشار نحطه في ذنبك ياذنب انت ومن يحميك
1,ما قلتلي بتعيرتي شواربك لمع فيهن صباطي
0,جبران باسيل زوجته والدها احد الضباط السورين لهيك بحب حافظ وبشار
0,جبران باسيل لو كان يريد وطنا لما تطاول علي الرئيس بري وصفه بالبلطجي
0,لو عنا دوله بتحترم حالها انت ما كنت عملت نائب او وزير
0,بلشوا بالحرام الكبير جبران باسيل نحنا كفنا نضيف غصب عنكن
0,جبران باسيل فوبيا العصر
0,فعلا اما دوله او لا دوله
0,اللي بيوقف ورا المراسلين وبيقول باي للكاميرا وبيتلفن لامه تتشوفو عالتلفزيون جاي يتفلسف ويترجملي تصريحات جبران
0,الامين القطري المساعد لحزب البعث العربي الاشتراكي جبران باسيل
1,وانتي كمان خرسي
0,يا سيد ابو صفوان انا لا اعرفك ولكن من يقرا ما غردت به عن حزب الله والدويله
0,جبران باسيل يهدد امن اسرائيل
1,يا سبحان الله وئام زفت يشتم ف امير قطر الحين وقبلها كان يمدح فيها ويقول منافق والله انت المنافق
0,لو في دوله محترمه حالا ما كنا صوتك منسمعو ع قوله زياد الرحباني مجرص الحزب فيك
1,اقسم بالله انتي لو قدامي بالمجان ما اسويلك شي يازنجيه جاتك القرف ياسودا
1,الحقير بيعرف حالو وما الك حق تحتقر حدا ما بدك تحترم رايو انت حر  رح الك شي وحر ما تحترموا انت اثبتت انك انسان فاشل ولو بتحترم حالا بتقحطلك ولو في حدا من هول لي بتتمسخر عليهن بيحترموا حالن ليكسرولك راسك والغرور رح يقتلك واكيد برنامجك
0,يا وهاب وقت كانت قطر بل ضاحيه قلتم لها شكرا اذا هي صندوق اسود سؤال لحضرتك سنه سوريا ب لبنان
0,جبران باسيل بدو يعلم امريكا ولندن كيف تدير بلد بدون ميزانيه
1,تخيل قديش لبنان زباله اذا وش السحاره تبعه جيسيكا عازار
1,يا لطيف ما ازنخه
0,معادله قرانيه هذه معاليك ناتي بقوم غيركم ثم لا يكونوا امثالكم
0,والله جبتي البهدله ل الك لانك بتستاهليها انتو ما بيلبقلكن متل الشيخ سعد يحترمكن وما يرد
0,يا معاليك انا بدالك بخاف من انو يكون في دوله قويه
1,والله انك كذاب ياصلع الراس والاخلاق بس ماقصر الزول نتف باقي الشعر…
0,نحترم كل المشايخ الاجلاء ولكن انت مين بعد بيحترمك علي لعب دورك الفتناوي داخل الطائفه وشكرا
0,انت ما بتمل من الحكي لك استحي
0,فيه متل بيقول الي بيضحكك احسن من الي بيضحك عليك معاليك
0,الشيخ سعد حتي اذا تصور عم ياكل ملوخيه رح ينتقدوه
0,اسرائيل ستزول حتما بس جبران باسيل شو اله حل
0,يا ريت ياستاذ وئام بتتركلي هل طق الحنك شوي علتويتر وبتطلع بتشوف طريق مفرق الجاهليه كيف رح توقع باي لحظه
0,صراحه الحق علي جابو رئيس
1,كلكم في الهوي سوا هو كلب عند بشار وانت كلب عند اردوغان هو باع سوريا وانت كذلك بعت سوريا ل اردوغان الكلب
0,مين غيرو الفتي الطائر جبران باسيل
1,الرعاع اللي هاجو بسوريا نحنا قرفانين منهم وقلنا عنهم خونه وجلب بوقت اللي كان سعدو وجعجع عاملين مهرجانات ليدعموهم وهربولهم بواخر سلاح
0,اهلا وسهلا بامير القمه امير قطر
0,نكتك سمجه متلك ياريت شفنا منك شي يوم انو عملت شي انجاز للبنان كل اقوالك وافعالك متل بوالين الصابون
0,من وين عم تجيب مصاري حتي تدفع قسط ابنك بلندن
1,انا اقترح عليك طبيب بيطري
1,الضاحيه الجنوبيه بلبنان نفس القرداحه بسوريا المنطقتين بدهن حرق علي الزباله اللي صدروها للعالم
1,تفي علي احسن شيخ بسوريا ازا ما بدهن حرق العمي هدول باعو اخرتهم بدنياهم
0,كبير يامعالي الوزير الملك جبران باسيل
1,حتي لو بسوريا  بالنهايه العيل اللبنانيه والسوريه ممتزجين نفس العائله واﻻجرام بدمهن بدهن حرق مش دعس
0,لبنان عم يتهاوي بوجود كل السياسين والزعماء بلبنان كلن شي بيهوي
1,لقاء الاقزام المعتوهين
1,يعدمني ياك يازيهوفر الحيوان
0,لقد رفعت معنويات اكثريه الشعب اللبناني واذا مش كل الشعب في ناس من داخلها بتتشكرك ممكن ما بتقدر تقولها
1,انا كنت جرب احكي انو لبنان ونحن ولازم وحده وطنيه اي شي بيهوي من هيك شعب عميل للعدو الصهيوني وبكل وقاحه بدن يتجراو علي رناجرنا الي اطهر منهم ومن اذعمائهم نشالله رح يجي ليوم ويعرفو انهم لا شيئ فقط ذباب لا اكثر
0,تصريحات جبران باسيل مستلهمه من القرار كفي مزايده
1,شي بيهوي من هيك بهايم
0,وطنا جميل وشعبنا جميل بس هدونا البال بالسياسه شوي بيمشي الحال اي شعب بدو يكون حي وهوي بيتبهدل عباب المستشفيات
0,مشايخ العقل تبعونك اشرف او احسن منه
0,جبران باسيل الوزير الملك تحياتي لك صديقي الطيب
0,عن اي وطن تتكلم
0,نهاد المشنوق متل عثمان واضرب منه عميل للمخابرات معروف قديش سعرو
0,سوي ولا سوري
1,كول هوا يازلمه
1,هيدا صحافي ماجور صرلو سنه هيك بس هلا طلعت ريحتو
0,اكيد اكتشف انه انولد في لبنان وان في واحد اسمه جبران باسيل يعمل جاهدا ليصبح رئيس جمهوريه وعلي حساب مستقبله وصحته
0,كل المهابيل اللي عم بتعلق ببلد متل لبنان الكل ساحب سكاكينو عالكل سكينه مطبخ ما بسلم لو عندي
0,جابتله سيره الطاقه النويه بالغلط بلش يشرح ليه ما فينا نعمل مصانع طاقه نويه بلبنان وانها خطره ونا معرضين للهزات الارضيه وهي تقله ما كان قصدي نعمل مصانع وهو يشرح
1,الفجوه اللي بجيك منها ريح سدها واستريح وسد نيعك معها
0,وجود عثمان وامثاله يمس مصداقيه قوي الامن ويسقط هيبتها
0,جبران باسيل والزباله
1,حاصلو يلعن روحك ياحافظ فرنسا بلجيكا
0,اشتراكي اصيل علي فكره هناك فرق بين الاشتراكي والجنبلاطي وما فيك تكون اقطاعي واشتراكي بنفس الوقت ياريت قلت عنو جنبلاطي اصيل كنت بايدك
1,هيدي مزرعه ومليانه بهايم وطول عمرها تابعه للاحزاب وبعمرها ما كانت بلد
0,ما هذا يادكتور علي خطا قد يصفه البعض بغير المغتفر لانه في موقع
1,بهلول الدوحه بيتهزا في مكان يروحه
0,جبران باسيل سوريا هي الفجوه الاكبر اليوم في مؤتمرنا ونشعر بثقل فراغها بدل ان نشعر بخفه وجودها سوريا يجب ان تعود
1,لك زبالتنا بتضل اشرف منكم ياعاهات المجتمع ياعداء الله والدين يلي عم تتاجرو بل الكعبه
0,واولهم معلمك جبران باسيل بيو كان يبيع ليموناضه كحيان من وين جاب ثروته عون كان قائد جيش من جاب ثروته بس يرجعو اموال الشعب
1,جبران باسيل عار علي العرب ككل ماهو الا فرخ مجوسي ابتليت به الامه العربيه
0,جبران باسيل لا يقصد هذا الكلام مقاوم صف اول
1,اذا فلو امثالك بنضف لبلد من قذاره بصير لوطن بالف خير
0,كلام لابسك لبس
1,شاغل الفاسدين والعاهرين ملك ياجبران باسيل العدرا تحميك ❤
1,اذا جبران باسيل خائن
0,شعبنا مخدر لهيك بدنا شعب جديد
0,متاكد اخ نادر انها قديمه  ؟  لانه مطلوب للقضاء والكل عم يتساءل كيف سافر
1,لبنان شامخ بعروبتو باخواتو العرب بس الفرس ما جلبو للبنان الي الدمار لعنكم الله ايها الفرس المجوس
1,لك ضل حدا ما بعبص بهالبلد كرمال هالجحش يلعن روحك انت وابوك
0,دور سوريه بلبنان شي مشرف نسيت ميشال سماحه
1,بلعربي لمشبرح كول هوا
0,مياومو الاعلام كل شائعه فيها جبران باسيل بيغلي سعرها
0,وئام وهاب دون كيشوت لبنان الا انه معدل حيث ان دون كيشوت الحقيقي كان رجل نبيل يتخيل ما لا وجود له
1,طب خلص كول هوا بكفي عما ما اسمكك
0,علي من تقرا مزاميرك ياموسي الله يحمي معاليك
0,قال عم يهاجموا جبران باسيل
1,انت اول منحطه
0,شكرا جبران باسيل ما هيك
1,من راقب الناس مات هما وانت من الهم حتموت موتت الكلاب
1,لعمي ما اكذب منك الا جريده الاخبار خراس عند هالصبح
0,تقديمات عينيه لعدد من الوزراء رشاوي هه
0,هذا ما يتداول بانه احدكم وعن الشهيد محمد نطالبكم بالتوضيح او التلفيق او اتحفونا باكله سمك
1,لا تنسي ان هذا الوهاب عنصري وحاقد وخادم امين لمحور الشر الصفوي بلبنان
1,اخزاك الله كنا مخدوعين فيك او انك افدغ مصحوك عليك تمدح كلب ايران وحزب اللات القذر
1,عفوا بس ايمتا بعتيلي لينك غنايه انت وانت خراس
1,بدو ياخد رضا الكلب بشار حتي يورث عمه برئاسه الجمهوريه
0,وهاب فليسجن هذا المجرم
0,علي النعيمي انت بهذا الكلام تقر وتعترف انك من داعمي الارهاب الايراني في المنطقه
0,كذبك يايوب
0,ما حدا بيسترجي يحكي معي هالحكي
1,الحمار بس تقله حا بيفهم هدون بتقلهن حا بتلاقي حالك ما عارف من وين جايك الضرب وبالاخر قاعد بباص اخضر وطالع عادلب
0,طيب شو القيمه يلي بيستفيدها المجتمع لو النسوان تحجبوا
0,لطالما كانت احذيه الشرفاء الاحرار خير من تراسانات حكومات العرب والمسلمين الخانعه الذليله عشت يابن امي الاصيل حرا ابيا
0,الشعب اللبناني عندو اهضم زلمي جبران باسيل ولو انو جاي من المريخ بس مهضوم ما هيك ياجماعه
0,الله يعطيك العافيه يافخامه الجبل ويطول بعمرك والله يعطيك العافي يامعالي الوزير الملك جبران باسيل علي هذا النهار الطويل
0,كذبك يايوب بكفي كذب وافتراء بحق جبران باسيل
0,ما ضاع حق وراءه مطالب
0,وهيدا اللي بدنا اياه الاستثمار مش حسنه شكرا ميشال عون وجبران باسيل رديتوا لنا كرامتنا
0,لو كنا فعلا في دوله لما حصلت غزوه الجاهليه
0,قائدنا الغالي شو بتتوقع من هيك دوله فاسده غير السرقه وعود الناس الكذابه اغرقوا البلد بالديون والصفقا
1,تبا لك ياجبران باسيل علي دفاعك عن معذب الشعب اللبناني وقاتل شعبه
1,طيب كول هوا واحط من هون
1,قحط من هون ياغبي
0,زمن التبعيه والتعطيليتجسد في سياسه جبران باسيل
0,اكيد قلبي عليكن ع طول شفقه
0,شراء الذمم مصيبه
0,ما في الا جبران باسيل قد المهمه
0,الي وزير خارجيه لبنان جبران باسيل اذا اردت ان تكون مثل الشيخ بشير الجميل عليك ان تستشهد الان ياخي فقط استشهد ولك
0,دخلك ياحضره وهاب سؤال وين صار المتهمين بمحاوله قتل بطرس حرب وين المجرم بقتل الضابط حنا وين كل المتهمين
1,عادي قولي يلعن روحك بلا مؤاخزه ياحافظ
1,خراس ولا جاهل حشره
0,لكل منا رايه شكرا لكم
0,يزلمه موهاديلي طلع علي الضيعه لعندك ومجهذ بجيش لعتقالك
0,من الخواجه ثناء وتقدير لسعدنا الثناء والتقدير فهو من ابرز الطلاب النجباء
0,حزب الله وكيل ايران بلبنان لو كان القول بلنان لاسرائيل او لايران ما كتير في فرق بالحالتين اللبناني ماكل هوا  ليش اكون وكيل طرف ضد طرف تاني وادفع دمي مشان احافظ علي استعبادي او اغير السيد تبعي
1,شو ياكركوز
0,يا زلمي شو شاطر بالحكي وهيدا زمن الكذب
0,مع انطلاق هذا الاسبوع ستولد الحكومه وكل المصادر تؤكد ذلك معالي الوزير جبران باسيل سيعود اليوم من فرنسا وسيلتحق به الرئيس
0,نصرالله العلاقه مع عون طيبه وهناك تواصل بيني وبين رئيس الجمهوريه والعلاقه مع جبران باسيل طيبه ومبنيه عالاحترام
1,جبران باسيل اغبي وزير خارجيه ليس بتاريخ لبنان ولكن بتاريخ الدول كافه
0,مره واحد معي بالشغل من كوبا عم يسالني عن الاكراد انو مين وشر بيفرقوا عن العرب صفنت شوي وقلتلله ما بعرف شو اقلك متل بعض تماما بس واحد بيحكي كردي والتاني بيحكي عربي
1,قلو كيلاني بقلك كول هوا
0,خوش توانسه والله
0,و هل يجوز لحسن والايراني ان يقتل الشعب السوري كلا الاطراف القرضاوي وما ذكرتهم اعداء للمنطقه
1,انتو عم تاكلوا هوا لانو هالدول والشعوب داعمينكم بلا مؤاخذه
0,نحتاج الي وطن جديد مع شعب جديد اضافه الي نظام جديد
0,نحن في بعض من دوله
1,مبروك عليك شيخ الجمهوريه الايرانيه الطبل
0,موجه اعتراض واسعه علي مواقع التواصل الاجتماعي بسبب نتائج مباراه كتاب العدل حيث تم اعلان نجاح اشقاء وهم غرايس عصام
1,كول هوا ياهوا عليك وع داعش
0,تسلم عبد الله بس يصير عندي فائض معجبات بحوللك
0,اخر نكته جرصه عالميه
1,تلحس اجري شقفه جحش
1,كول هوا ياهوا عميل كلب
0,ولو عملك عقده اللواء كل يوم تويت ابكي بترتاح
0,هللويا مبروك للشعب اللبناني ولاده حكومه
0,الفضل بكل اللي صار في هذه القمه يعود الي رئيس الجمهوريه الجنرال والقائد ميشال عون والي الوزير جبران باسيل
1,طيب حضرتك شو عمبتقدم لبلدك غير لغه الصرامي
1,وانا لح قلك مارون غنيم ماتواخذني تلحس رجلي مع احترامي لرجلي بس انتو متعودين عهالشي
0,سعد الحريري ينصر جبران باسيل ضد وزيره المرعبي في موضوع النازحين السورين
0,و نزار قباني كتب ايضا عن دمشق وهرب منها الي بيروت خوفا من حافظ الاسد فاغتالوا زوجته وكان هو المستهدف
0,اسم الله عليك فرجيني عرض كتافك يافهيم علي فكره اذا ما عندك مرايه بالبيت ببعتلك وحده
0,امير المليشيا مش خائن
0,صدقت يناسبك جدا جدا
0,لبخليني حب باسيل شغلتين
1,ليش تيوس الامارت والسعوديه مع السورين واليمنين شو ف خليك بصليبك تلحس بعضك
0,مش دفاعا عن جبران باسيل بس كان لازم تحط المقطع عالقليله بعد جملتين بعد هالكلمه لنفهم شو قال بدقه
