id,ANOMALY,FULLTEXT
0,0,ุงุฎุฑุฌูุง ุฌูุด ุงููุงููู ุงูุตููู ูู ุงูููุตู ููุงูุช ุฏุงุนุด  ูู ูู ูุฑู ุชุชุนุงูู ุงูุงุตูุงุช ุถุฏ ุงูุฑุงู  ุชุงุชู ุงูุงูุนุงู ูู ุงูุฑููุง
1,0,ูุง ุชุตุฏููุง ุงู ุงูุงูุธูู ุงูุญุงููู ูู ุจูุงุฏูุง ุฌุงุฏู ูู ูุญุงุฑุจู ุงูุชุทุฑู ูุงูุชุดุฏุฏ ุงูุฏููู ุงูููุถู ุงูู ุงูุงุฑูุงุจ  ูุฐู ุงูุงูุธูู ุงูุง ูุฎุชุฑโฆ
2,0,ุงููุนุจุงูุตููููู ุงุตุจุญ ุฎุดู ูุงุถุญููู ุงููุดููู ููุณุช ููุงุจู ูู ุงูุฑูุงุญ ุงูุบุงุฏุฑู ุงูุฏุงุฎูููุงูุชู ุชุฏุนู ุงููุงุนุฏู ูุฏุงุนุด ุชุงุฑููุงูููุงูโฆ
3,0,ุฑุจุน ูุฑู ุจูู ุงูุตูุฑุชูู ูููุงุก ุงุญูุฏ ุงูุฑุจูุนุงู ุงููุชุญุฏุซ ุงูุฑุณูู ุจุงุณู ุงูููุงุช ุงููุดุชุฑูู ูู ุญุฑุจ ุชุญุฑูุฑ ุงููููุช ูุงุจูู ุงุบุณุทุณ  ููุจุฑุงูุฑโฆ
4,0,ุฎุทุงุจ ูุตุฑุงููู ุชุฒููุฑ ููุญ ููููุงุฆุน ูุงูุญูุงุฆู ุงูุชู ูุนุฑููุง ููุนุฑููุง ุฌููุนุง ูุนู ูุงูุช ุซูุฑู ูู ุณูุฑูุง ูุจู ุงู ุชุญูููุง ุงูุช ููุญูุฑู ุงูโฆ
5,0,ุงููุชุญ ูุฌูู ุงููุงุฆู ุงุนูุงู ุญุฑุจ ุนูู ุงูุนุฑุงู ูุงูุนุทุงูู ุฎุทูุฑู ุจูุฌุฑู ุงุณุชูุฏุงูุงุช ุงูููุงู ุงูุตููููู ููุญุดุฏ  ูุตู ุชุญุงูู ุงููุชุญ ุจุฒุนุงูโฆ
6,0,ุงููุตู ุงูุตููููู ููุซู ุงุนูุงู ุฑุณููยููุญุฑุจ
7,0,ูุฌูู ุงูุฌูุด  ูู ููุงุฌูู ุงูุฎุทุฑ  ูุฒุน ุงูุงูุบุงู ููุงูุญู ุงูุฎุทุฑ ุงููุชุฎูู  ุงูุฌูุด ุงููุจูุงูู  โฆ
8,0,ุณุญุฑ ุฎููุงูู  ุนุงูุง  ุงููููุง ุญุงุฌุฒ ููุฌูุด ูู ุฏุงุฑูุง ูุจุนุฏ ุณุงุนุงุช ุทูุจ ูููุง ุงูุญุงุฌุฒ ุงูุงูุตุฑุงู ูุน ุงุจููุง ูุฑูู  ูุจุนุฏ ุนุฏูโฆ
9,0,ุฑุถุง ุนุจุฏ ุงูุนุงู ููุนุน ุงูุญุฑุจ ูุน ุทุงุฑู ูุญู ๐ฅ๐
10,0,ูุงุฏู ุงูุดุฑุนูู ุงูุฐูู ุงุฌุณุงุฏูู ูู ุงูุฑูุงุถ ูุนููููู ูู ุงูุฏูุญู ูุชุฎูู ุงูุงูุงุฑุงุชููู ูู ุงููู ุฌุฒุก ูู ูุฎุทุทุงุช ูุชูููู ุงูุงุฎูุงู ูุฌูุงุนุงุช ุงูุงุฑโฆ
11,0,ุนุฐุงุฑ ูู ุงุจูุงุก ุบุฒู ููู ูู ุงูุนุฑุงู ุฌูุฏู ูุงุญุฏ ูุณุงูู ุงูู ุฌูุฏู ุงุณุฑุงุฆููู
12,0,ุตุฏูู ุนู ุฑูุญ ุงุจู ูุงูู ุฑุญูููุง ุงููู ๐ูุงุฑูุงุญ ุงููุณูููู ูุงููุณููุงุช ุงุฑุฌูุง ูุฑุงุกุชูุง ูุนูู ุฑุชููุช ููุง
13,0,ุณูุงุญู ุงูุณูุฏ ุนู ุงูู ูุงููุงุก ุงูุจูุงุน  ูก  ููุณุคููู ุงูุงูู ุงุญูุธูุง ุงูู ุงููุงุณ ุงู ุงุณุชููููุง  ูข  ููุณุคููู ุงูุฏููู ุงุฑูุนูุง ุงูุญุฑูุงโฆ
14,0,ูู ุนุงูู ูู ููู ูุญุถุฑูู ุญุงูู ุงุฐุง ุฑุฏ ุฑุญ ูููููุง ุนู ุจูุฑุทูุง ุจุญุฑุจ ูุงุฐุง ูุง ุฑุฏ ุฑุญ ูููููุง ูุง ุงุณุชุฑุฌู ูุฑุฏ ููุถุจู
15,0,ุงูุซูุฑู ูููู ููุง ูุงุฏู ูุฑููุฒ ูุจุฑูุงูุฌ ูุญุฏุฏ ูููุณ ุนุจุงุฑู ูุถูุงุถู ูุงูุดุนุจ ูุฑูุฏ ุงุณูุงุท ุงููุธุงู ูููุท  ููุจูุง ุฎูุฑ ุฏูููโฆ
16,0,ุงูููู ุงููู ููู ุงููุณูููู
17,0,ุนุจุฏ ุจูู ุงุณุฑุงุฆูู ุงูุนุฌู ูู ุฏูู ุงููู  ููู ูู ุงููุณูููู ุงูููู ูู ูุนุจุฏูู ุงูุนุฌู   ุ   ุงู ุดุงุก ุงููู ููุฏูู ูุฑูุจุง ุนูู ููุงู ุงูููุชููโฆ
18,0,ุงูุฌูุด ุงูุงุณุฑุงุฆููู ููุดุฑ ุดุฑูุท ููุฏูู ูููู ุงูู ุงุซูุงุก ูุญุงููู ุนูุงุตุฑ ุชุงุจุนูู ููููู ุงููุฏุณ ุงูุงูุฑุงูู ุชูููุฐ ุนูููู ุถุฏ ุงูุฏุงู ุงุณุฑุงุฆูููู
19,0,ุงููุง ุฌูุจ ุงููุงู ุงูููููุจ ูู ุงูููุฒุงู  ุซุงููู ูุญูู ุงูุฏุนู ุงูุณุฑูุน ูุงูุฌูุด ููุฒุฑุงุนู ูุงูุตูุงุนู  ุซุงูุซ ุญุงุฌู ูุฑุถ ูู ุงูุจูโฆ
20,0,ุงูุบุฑุถ ูู ุชุนููุถ ุงูุฏููู ูููุชุถุฑุฑูู ูู  ูุชุญูู ูุณุฆูููู ูุฐู ุงููุงุฑุซู ุงูุชู ุณุงููุช ูููุง ุนุฏุชโฆ
21,0,ุงูุฑุงู ุชุฑุณู ุจุงุฑุฌู ุญุฑุจูู ุงูู ุฎููุฌ ุนุฏู ูุง ูู ูููุชูุง   ุ   ุตูุฑ
22,0,ูุง ุงุฌูู ูุจูุงู ุจุดุนุจู ูุฌูุดู ูููุงููุชู ููุชุธุฑ ุงู ูุจูุบู ุงูุณูุฏ ูุตุฑุงููู ูุฑุงุฑ ุณูููุงูู ููุจูู ุนูู ุงูุดูุก ููุชุถุงู
23,0,ูขูกูุจู ุงู ุงุฌุชูุงุนุงุช ุงูุชุตุงุฏูู ูููู ุนูุฏูุง ุนูู ุงูููุชูุง ููู ูุจูู ุนูู ุงุฑูุงู ุงูุฏููู ุงู ูุนูุฏูุง ุงุฌุชูุงุนุงุช ููุงููู ูุณูุงุฏูู ูุงุณุชุนุงุฏู ุฒูโฆ
24,0,ูขูขุจุฏูู ุณูุงุฏู ุงูุฏููู ุงู ูููู ูู ููููุงุช ุงูุฏููู ุจุฏูู ุญุตุฑูู ุงูุณูุงุญ ูุงููุฑุงุฑ ุจูุฏ ุงูุณูุทุงุช ุงูุดุฑุนูู ูุญุฏูุง ุฏูู ุดุฑุงูู ูู ุงู ูุงู ูููโฆ
25,0,ุงูููู ุงุดููู ูุงุดู ูุฑุถู ุงููุณูููู
26,0,ุงุณูุงู ุงููุงู ุงูุนุงูููู ุชุชุฑูุญ ุงูููู ุจูุนู ุชุตุฑูุญุงุช ุงูุฑุฌู ุงูุจุฑุชูุงูู ุชุฑูุจ ุนู ุญุฑุจู ุงูุงูุชุตุงุฏูู ูุน ุงูุตูู ุงูุชููุนุงุช ุจุฎุณุงุฑู ูโฆ
27,0,ุงูุฑุงุจ ุงูููุฏูู ุชูุฐูุจ ููุงุฎูุงู  ุณูุงุทูู ุงูุชูููู ุงูุงุฌุฑุงูููู ูุฎุงูููู ุงูุฏูู ูุงูุงุนุฑุงู ุจูุชู ุฑุณู ุงููููู ูุงูุชูููู ุจูู  โฆ
28,0,ูุงุฎูุงูุง ููุณู ูู ุฌุฒูู ูู ูู ๐๐  ูุฒูููุง ุถูู ุนุฏูู ุดููููุง๐๐ปโโ๏ธ๐๐ปโโ๏ธ  ุงููุจู ูููู ุฑูุชููุช โฅ๏ธโฅ๏ธ
29,0,ูุงูู ุดุนูุฑ ุงููุณูููู ุญูููุง ูุฑูุง ุงููุงู ุงูุญุฌ ูุงูุนูุฑู ุชุญูู ุงูู ูุงููุช ูุงููุงุณ ููุงุฏู ุญูุงู ุงูุณุนูุฏูู ุจู ุฒูุฌุงุช ุฑุคุณุงุก ุงูุบุฑุจ  ุงโฆ
30,0,ุงูุฏ ุงูุฑุฆูุณ ูุงุฏู ุจุงูู ุงูุฑูู ุงูุตุนุจ ูู ุงูููู ุงูุฐู ูุง ูููู ุชุฌุงูุฒู ูุง ูู ุณูุงู ููุง ุณูุงุณู ููุง ุชูุงูุถ ููุง ุญุฑุจ ููุณุงูู ุนุฏู ููุณุช ุฎูุงูโฆ
31,0,ุงูุฌูุด ุงููููุชู ููุงูุฐู ุงูุณุญุจ ููุณุนูุฏูู ุจูุฒูุฑ ุฏูุงุนู ูุฑุฆูุณ ุงุฑูุงูู ูููุงุฏุงุชู ูุนุฏุฏ ูู ุงููุญุฏุงุช ุงูุจุทูู ุงูุชู ูุงุชูุช ุจุดุฑู ูุงูุณุญุจุช ุจโฆ
32,0,ุฏููุชูุง ุงูุนููู ุจุชุนุชุจุฑ ุงููุณุงุก ุงููุจูุงููุงุช ูุด ููุงุทูุงุช ุบูุฑ ูุคููุงุช ููุง ุงูู ุงูุญู ุจููุญ ุงูุฌูุณูู ูุงุทูุงููู ูุงุณุฑููุจุณ ููุฏู ุงูุฏููู ูโฆ
33,0,ุงุทุฑุงู ูุซูุฑู ุชุฑูุฏ ุชุถุนูู ุงูุนุฑุงู ุงูููููู ููุญููู ุนูู ุณุจูู ุงููุซุงู ุงููููู ุงููุฑุฏู ูุงู ููู ุงูุงู ุชุณููุญ ุงูุฌูุด ุงูุนุฑุงูู
34,0,ุงูุญุจ ุญุฑุจ  ูููู ูู ุงูุชุตุฑ ูููุง
35,0,ูุน ุงูุงุณู ุงูุงูุฑุงูููู ูุณุชุฎุฏููู ููู ูุคูุฏูู ูู ุงูุนุฑุจ ูุงุฏุงู ุจุญุฌู ุชุญุฑูุฑ ููุณุทูู ููู ุงูุญูููู ููุณ ููุงู ุดูุก ููโฆ
36,0,ุงูููู ุงููู ูุงุฑุจ ุงูุนุงูููู ูุฌููุน ุงุจูุงุก ุงููุณูููู
37,0,ูุงุชุนุฑููุด ุงูุชูุง ุงููุงุณุทู ุจุชุงุนู ุงูุฌูุด ุฏู ุจุชุนูู ุงูู ููุง ุงูู ููุง ุงูู
38,0,ููุฒู ูุญุฏุฏ ูุนุฑููุง ููู  ุฑุชููุช ุญุฑุจ
39,0,ููู ููุทู ูููู ุงู ุงูุงุฎูุงู ุงููุฎุชููู ูุณุทูุง ูุดุบู ุจุนุถูู ููุงุตุจ ุญุณุงุณู ููู ุงู ุชุนูู ุงู ุงุฏุงุฑุงุช ููุฑุจุงุก ูุฏู ูู ุงูโฆ
40,0,ูุนุฑุงูุชูู ุชุจููุฑ ุนูุฏ ุงูููุงูููู ููุฑ ูุงุถุฌุง ุนู ููููู ุงูุฏููู ูุถุฑุจูุง ูููุง ุงูุญูู ูุงูุงูุซุงู ููููุง  ูุง ุชุณุชููู ุจุงูุฏููู ููู ูุงูโฆ
41,0,ูุฑู ุทูุจูุง ูุญุถุฑ ููุงุด ููุฑุฆูุณ ูุฑุณู ุฑุญูู ุงููู ููุง ุงูุณู ูููุชู  ููู ูุซูุซ ุจูุชูุงูุจ ุนูู ุงูุซูุฑู ูุงูุซูุงุฑ ููุงูุฑูุฏ ููุตุฑ ุงู ุชููุถ ุฑุงุณูุง ุงุณุฑุงุฆููโฆ
42,0,ุณูุฏู ูุด ูุณููู ุชุจูุน ูุฌููุฑุงุชูุง ูุนุชู ุฑูุงุจ ุงุทูุงู ูู ูุจุถู ุฏุงุนุด  ุงูุงุฒูุฑ ูุดูุฎ ุงูุงุฒูุฑ ุชุญุฏูุฏุง ูุงู ุนููู ุงู ูููู ุจูุฐุงโฆ
43,0,ูุนูุงุฌ ุทุจูุนู ููุงุกุงุช ๐๐โ
44,0,ุงููุง ุฏุฎููุง ุจูุง ู ููุงุด ุจุงูุงุช ูุงูุงู ูุง ูุงูุช ูู ุญูุงุชู ุนู ุงูุซูุฑู ูุงูุงุบุงูู ุงูุณูุงุณูู  ุงูุง ูู ูุฑู ุงุชุฎุงููุช ูุน ุถุงุจุท ููุชูู ุงโฆ
45,0,ุงูุงุฎูุงู ุฏูู  ุงูููู ุชูุชุจ ููุงูู ุงูุงูุงุฑุงุช
46,0,ุฌูุด ุงูุงุญุชูุงู ุงูุงุณุฑุงุฆููู ููุดุฑ ุงุณูุงุก ุถุญุงูุง ุญุฒุจ ุงููู ุฌุฑุงุก ุงูุบุงุฑู ุงูุงุฎูุฑู ูุฑุจ ุฏูุดู  ุงุญูุงุฏ
47,0,ุงูุจุงุก ุนู ุถุฑุจุงุช ุงุณุฑุงุฆูููู ูุฒุนููู ูู ุดุฑู ูุจูุงู  ููุฐ ุณุงุนู  ูุงุณุชูุฏุงู ูููุน ููุฌุจูู ุงูุดุนุจูู ูุชุญุฑูุฑ ููุณุทูู
48,0,ุงูุฑุงุจ ุงูููุฏูู ุชูุฐูุจ ููุงุฎูุงู  ุงูู ุชูููู ูู ุฎูุงูุงุช ุงุฆูุชู ุงููุงุฑูู ููุจูุงุฏ ุงูุงุณูุงููู   ุ
49,0,ุงูุฑุงุจ ุงูููุฏูู ุชูุฐูุจ ููุงุฎูุงู  ุงูุงููุงุก ูุงููููู ุชุชุญูู ุจุงุฑุงุก ุงูุชูููู ูุฏูุณู ุงูุชุงุฑูุฎ
50,0,ุงูุฑุงุจ ุงูููุฏูู ุชูุฐูุจ ููุงุฎูุงู  ูู ุงุฆูู ุงููุฐุงูุจ ูุญูููู ุงูุบูุงุก ูุดุฑุจ ุงูุฎูุฑ ุญุชู ูุณุชุจูุญู ุงุฆูู ุงูุชูููู ุงูุฏูุงุนุด   ุ   โฆ
51,0,ุงูุฑุงุจ ุงูููุฏูู ุชูุฐูุจ ููุงุฎูุงู  ุงูุชูููุฑ ูุงูุณุจู ูุจูุน ุงูุงูุณุงู ุงููุณูู ูุบูุฑู ุงุชู ูู ุงุฆูู ุงูุชูููู ุงูุฏูุงุนุด  โฆ
52,0,ุงูุฑุงุจ ุงูููุฏูู ุชูุฐูุจ ููุงุฎูุงู  ุงูุณูุฏ ุงูุตุฑุฎู ุฌุนู ูู ุงูุดุจุงุจ ูุฏูู ููุจุฑุงุณุง ูุญุชูู ุจู ูู ุงูุงุญุฑุงุฑ
53,0,ูุฑุญูู ุงูุณูุณู ุงูุจุดุนู ุงูุฏุงููู ูู ูุฑุญูู ุถุฑูุฑูู ููุตุฑ ูุดุนุจูุง  ููุฏ ูุดูุช ุญูููู ูุคุณุณุงุช ุงูุฏููู ุงููุตุฑูู ูููููู ุชุงุณูุณูุง ูุทุจูุนู ุนูููุง ูโฆ
54,0,ุงูููุงุก ูุชูุงุนุฏ ุนุจุฏุงููู ุงููุญุทุงูู  ุญูููู ุงูููููู ุงูุฑุดูุฏู ูููุงุชูุง ุงููุณูุญู ุงุณุชุทุงุนุช ุงู ุชุซุจุช ููุนุงูู ุงููุง ุงุฐุง ูุนุฏุช ุตุฏูุช ูโฆ
55,0,ุงูููู ูู ูุจูู ููุญุฏ ูุนูู ุฏูู ุงูุชุญุงูู ุงูุฏุงุนูู ููุดุฑุนูู ุนูููุง ุงู ุชุฏุฑู  ุงู ุงูู ุงูููู ุงูุฌููุจู ุซูุงูุชูู ูุฎุชููู ุนู ุซูุงูู ุดูุงู ุงูโฆ
56,0,ุงูุนูู ูุง ุงููุฎ ุงูุจูู ุงุฏู ููุง ูุชูุฒูู ููุตูุฑ ูุชููู ูููุงูู ุดู ูุญูู ูู  ุงูุงููุงุณ ุงูููุฑู ููุตู ุงูุงููุฑ ุงูู ูุฐู ุงูููุงุตูู  ุงูุญุฑุจ ุนูู ุงโฆ
57,0,ูุงููู ุดู ุงู ุงูุงุจ ูุงูุนูุถ  ุงููู ูุฑุญููู ููุบูุฑ ููู ูุงููุงุช ุงููุณูููู
58,0,ูู ุงููุคุดุฑุงุช ุชุคูุฏ ุบูุงุจ ูุตูุญู ูุญุฒุจ ุงููู ูู ุงูุชุตุนูุฏ  ููู ูุฎุชุจุฆ ูุฑุงุก ุงููกูงููก  ุฌูุฏ ุงู ูุนุชุฑู ุงูุฌููุน ุงู ูุฑุงุฑุงุช ุงูุดุฑุนูู ุงูุฏูููู ุชุญูโฆ
59,0,ูู ุงููุงุฆุฏ ุงูุฐู ูุณุชุทูุน ุงู ููุญุฏ ุตููู ุงูููุงุชููู ูู ุณูุฑูู ูุชุญุฑูุฑ ุงูุงูุณุงู ูุจู ุงูุงุฑุถ ูู ุงููุงุฆุฏ ุงูุฐู ูุณุชุทูุน ููุงุฌูู ุงุณุฑ ุงููโฆ
60,0,ูุงุฑุจ ุญูููู ุจูููู ููุง ุงูุงุซููู ูุฌููู ูุนููู ูุงุญุฏู ูู ูู ูุชูู ูุงูุณุฏู ูุฏูุฑู ููุฌุฑู ูุดููู ุงูุงุณูุงู ูุงููุณููููโฆ
61,0,๐ูู ุงูุฐูุฑู ุงูุซุงููู ููุญุงููู ุงูุชุทููุฑ ุงูุนุฑูู ูุฌูุด ููุงููุงุฑ ุถุฏ ุงูููู ุงูุฑููููุบุง ุงููุณููู ูู ุงูููู ุงุฑุงูุงู  ๐ธูุชููุง ูุง ูุง ููู ุนู โฆ
62,0,ุฏููุงุฑ ุงููุฑุงูู  ุญูููู ุญูุฏูู  ููุซููุง ุงุณุชุทุนุชู ุงูุชุฒุงุน ุญููู ุจุงูุฏููู ุงููุฏููู ูุงูุง ุนูู ุซูู ุชุงูู ุจุงููู ูุงุฏุฑูู ุนูู ุฌูุน ุนุดุฑู ูุนโฆ
63,0,ุญุชู ุงูุฌูุด ูุง ูุญุชุฑููุง ููุงูุจูุชู ููู ููููู ุงู ูุง ูููู ูู ูุฑูุฒ ููู
64,0,ุงูููู ุทุงุฑู ุตุงูุญ ูุทุงูุจ ุจโุงุตูุงุญ ุงูุดุฑุนููโ ูุงุณุชุนุงุฏู ุงูุฏููู ุงููุฎุชุทูู
65,0,โฆ  ูุง ุชุฎุดู ุงูุงุฑุชุจุงุท ุจุงูุฑุงู ูููููุฏ ูุงุชู ููู ูุชููู ูู ุฌูุดู ุงููุญูุฏ  ุตูุฑู ุงูุชูุทุช ูู ุงูุฑููุฏุง ุนุงูููุชุงู ุชุทูู ุงูุฑุตุงุต ูู ุจูุฏูโฆ
66,0,ุงูููุงุก ูุชูุงุนุฏ ุนุจุฏ ุงููู ุงููุญุทุงูู ุญูุง ุนูู ูุฐุง ุงูุดุนุจ ุงูุณุนูุฏู ุงูุงุจู ุงู ููุฎุฑ ุจููุงุฏุชู ูููุงุชู ุงููุณูุญู ุงูุฐูู ูุฏุงูุนูู ุนูโฆ
67,0,ุทุจ ุงูุง ุญููุช ุงูู ูู ูุธุงูุฑู ููุนุฏูุง ูุบูู ูุด ูุงุณูู ุงูุชุญุฑูุฑ ูุงููุงุฏ ุงููุณุฎุงู
68,0,ูููุง ูุงู ููู ุงูููุฏ ููุฏู ูุถุทูุฏ ุงููุณูููู ููููููู ูุจุนุฏ ุงู ุถู ูุดููุฑูุงูููุง ูู ูุฌุฏูุง ูู ูุนูููู ูุฑูู ุงุจโฆ
69,0,ุงูููู ุงูุณูููู ุงูุชู ุชุทูุฆู ููุจู ูู ุนูุฏู ุงูููู ุณุฎุฑูู ุฌูุฏู ุงูููู ุณุฎุฑ ูู ุงูููู ุจูุง ููู ุงูููู ุญูู ูู ูุฑุงุฏู ุจุงูุถู ุงูุชุฏุงุจูุฑ ๐๐ป
70,0,ูุงููู ุนูุจ ุงู ุงูู ูุดุฑู ุนูููู ุงูุณููุฑ ุงูุงูุฑููู ูู ูุทุฑ  ูููุง ูุฏุฑู ุงู ุตูุงุญูุชูู ุงูุชูุช ูู ุฒูุงู ููู ุนูู ุงูุงูู ุญุงูุธูุง ุนูู ุงูุญุฏ ุงูุงุฏูโฆ
71,0,ุงูุง ุงูุฌูุด ู ููุณู  ูุงูุง ุงูุณูู ุฐุงุชู  ุงูุง ุงูุฐู ุงุฎุฐุช ุงูุญูุงู ููุจู ูุชุฑุฏ ุงูู ุนููู
72,0,ุงูุฌูุฒุงุก  ุงุจ  ุงูุชุจู ุงูู ูุตุฑููู ููุงุฏุฎุงุฑ ุดู ุฌููู ูุงูุช ูุง ุชุนุฑูู ููุง ุชููุฑ ููุท ุจุงูููู ูููุฑ ุจุงูุบุฏ ูุงูุช ุจุญุงุฌู ุงูู ุงูุชูุธูู ุนูโฆ
73,0,ุงุนุทูู ุณูุงุญ ุฑูุณู ูุฌูุฏู ููููู ูุนูุจู ุณูุจุฑ ูุฑููู ูุณูู ุงุญูู ุงูุนุงูู
74,0,ุงูุญุฑุจ ูู ุงูููู  ูุญุงูุธู ุดุจูู  ุงูุชุฏุงุฏ ุงููุนุงุฑู ุจูู ุงูููุงุช ุงูุญูููู ูุงููุฎุจู ุงูุดุจูุงูููโฆ
75,0,ุฌูุด ุงูุจุงูุจุฑุฒ ูุตูุจูู ุงูุฑุนุจ ูู ุงู ุดุฆ
76,0,ุงููุณูููู ุงูุฐูู ูุง ููุชููู ุจุงูุณูุงุณู  ูุญูููู ุณูุงุณููู ูุง ููุชููู ุจุงููุณูููู  ูุฌู ุงูุฏูู ุงุฑุจูุงู
77,0,ุงูุงุตุญ ูู ุงู ุงูุฏูู ุงูุนุฑุจูู ุชุฏุนู ูุฐู ุงูุญุฑุจ
78,0,ุงุณุฑุงุฆูู ูู ุชุญููุช ููุงุณูุงู ุญูุงู ุงูุนุฑุจ ููุนููู ุนูููุง ุงูุญุฑุจ
79,0,ุงุจุฏุง ูู ุงูุจุคุณ ุซู ุงูุชูู ุงูู ุงูุงูุชุฆุงุจ ุชุฌุฏ ููุณู ูุฌุงู ุชุนูู ุนูู ุงูุงูุชุญุงุฑ ุตุจุงุญ ุงูุฎูุฑ๐
80,0,ุนุฑุงู ุงูููู  ุงุนููุช ููุงุฏู ุงูุญุดุฏ ุงูุดุนุจู ูู ุงูุงูุจุงุฑ  ุนู ุชุฏููุฑ ููู ูุฎุชุจู ุจู ุงูุงุฑูุงุจูู ูู  ุฏุงุนุด ููุชู ูู ููู ูู ุฎูุงู ุถุฑุจู  ุฌููู ูุฌูโฆ
81,0,ุนููุงู ุญุฑุจ ูุง ุฎุงุถูุง ููุงุชู ุงูุง ุงููุฒู
82,0,ุงูุฑูุณ ุญุฑุจู
83,0,ุงูููู ุงูุตุฑ ุงูุงุณูุงู ูุงููุณูููู ูู ูู ููุงู
84,0,ุงู ุงูุฐู ุญุตู ุงูุณ ูู ุญุงุฑู ุญุฑูู ุชุดุจู ูุตู ุฑุงุฌุญ ุงููุฐุจู ุนูู ุงุฌูุฒู ุงูุฏููู ุงู ูููู ูุฏููุง ุงูุดุฌุงุนู ููุดู ูุง ุญุตู ุจูู ูุตุฏุงููู ูโฆ
85,0,ุงูุง ูุชุนุถ ูุคูุงุก ุงูุชูุธููุงุช ูู ุจู ูุงุฏู ูุงูุธูุงูุฑู ูุงู ูุฐู ุงูุชูุธููุงุช ูุง ุชูุดูุก ุฏููู ูุงููุง ูู ุนุจุงุฑู ุนู ุงุฏุงู ุงุณุฑุงุฆูููู ูุงุณุชูุฒุงู ููู ุงูููุทูู
86,0,ุงูุง ุงูุฑู ุงูุญุฑุจ
87,0,ุนุงุฌู  ูุตุงุฏุฑ ููุฌุฒูุฑู ููุงุช ุงูุฌูุด ุงููุทูู ุชุณูุทุฑ ุนูู ูุซูุซ ุงูููุจู ุงูุงุณุชุฑุงุชูุฌู ุจูุฏูุฑูู ุญุจุงู ุจุดุจูู ุฌููุจ ุดุฑู ุงูููู
88,0,ุนุงุฌู  ูุตุงุฏุฑ ููุฌุฒูุฑู ููุงุช ุงูุฌูุด ุงููุทูู ุชุณูุทุฑ ุนูู ูุฑูุฒ ูุฏูุฑูู ุญุจุงู ููุนุณูุฑ ุงูุฑูุถู ุงูุงุณุชุฑุงุชูุฌู ุจุดุจูู
89,0,ูู  ุงููุฏ ุงููุฏุฑุณู ุงููู ุฏูุฑ  ุงูุงูู ุงููู ุฏูุฑ  ุงูููุฑุจูู ุงููู ุฏูุฑ  ูุงูุนูุตุฑ ุงูุงุณุงุณ ุงูุฏููู  ูุทุนุง ูู ููุงู ูโฆ
90,0,ูู ุณูููู ุงููุฑุงุฑ ุจูุฏ ุงููุฏููู ุงู ูู ูู ุงุฎุชุตุงุตุงุช ุงูุนุณุงูุฑ   ุ   ุชุงุฎุฑ ูุฐุง ุงููุฑุงุฑ ุงู ุญุชู ุนุฏู ุทุฑุญู ูุคูุฏ ุงู ุงูุซูุฑู ููโฆ
91,0,ููู ุนุณูุฑูุง ุงููููููุง ููู ุฌูุด ูุต ุณูุงุญ ุงูุญุฒุจ ูุต ูุณุจุนู ุงูุงุฑ ุนุชุจุฑู ุงูุฌูุด ุนูู ูุฏุงููู ููุชู ูุงุณ ูุงูู ุจูุณุชุงูููุง ุงูโฆ
92,0,โญ  ุฏุฎูู ุงูุทูุฑุงู ุงูุญุฑุจู ุงุฌูุงุก ูุทุงุน ุบุฒู  ููุจุฑ ููุณุทูู
93,0,ูุง ููุชุธุฑ ูู ุงูุนุงูู  ูู ููููู ุงูุดุฑุนู ูุง ุนููู ุงูุดุฑุนู  ููุง ุฎูุฑ ูููู ุญูุธ ุงูุตุญุงุญ ุซู ููู ูู ุตู ุงูุธุงูู ุงูุณูุงุญ  ููโฆ
94,0,ุนุงุฌู  ูุตุงุฏุฑ ููุฌุฒูุฑู ุงูููุงุก ุงูุงูู ูุฎุจู ุดุจูุงููู ุงููุฏุนูู ุงูุงุฑุงุชูุง ูู ููุดุงู ุจูุญุงู ูุนูู ููุงุกู ููุญูููู ุงูููููู
95,0,ุซูุฑู ุงูุฏุนุงุก ุฏุนุงุก ุงูุฌูุดู ุงูุตุบูุฑ  ุงููู ูู ูู ุนุฏู ุงูุชุถู ุนูู ุณูู ุนุฏุงูุชู ูุดุญุฐ ูู ุธุจู ูุฏูุชู ูุงโฆ
96,0,ุจูููุง ุจูุชุฌุงุฏู ุงุญูุง ุงูู ุฎุณุฑูุง ุงูุญุฑุจ
97,0,ุฑุชุจุช ููุฆู ุงูุนูู ูุงูุงุญูุงุก ุงุฌุชูุงุนูุง ุงูุนููู ุงูุฎุงูุณ ูู ููุฑ ุงุชุญุงุฏ ุงูุนููุงุก ูุงููุฏุงุฑุณ ุงูุงุณูุงููู ุจูุฏููู ุฏูุงุฑุจูุฑ  ูุดุงุฑู ูู ุงูุงุฌุชูุงโฆ
98,0,ุฌุจูู ุทุฑุงุจูุณ โุชุชุตุฏุนโ ูุน ุงุญุชุฏุงู ุฎูุงูุงุช ุญูู ุงุฏุงุฑู ุงูุณุฑุงุฌ ูููุนุฑูู
99,0,ุทูุจ ูููู ุณุคุงู ุงุฐุง ุจุฏู ุชุญูู ุจูุณุชูู ุนุตุนูุฏ ุงูุฌูุด ูุน ุฏููู ุชุงููู ุดู ููุทูุน ูุฏุงู ุฌููุด ุงูุนุงูู ูู ุฏูู ุณูุงุญ ุญุฒุจ ุงููโฆ
100,0,ูู ุชูู ููุงููู ุงูุนูููู ููุฐ ุนุงู  ูุญุชู ุงูููู ุชุฌุงู ุฌุจูู ุงููุตุฑู ููุงุฆุฏูุง ุงูุฌููุงูู ูุจููู ุงุจุฏุง ุนูู ุงูุณูุงุณู ุงู ุงูุฎุทุงุจ ุงูุณูุงโฆ
101,0,ุดูุฑุง ูู ุงููุง ุซุงููุง ูู ุชุฌุงูุจู ุนูู ุณุคุงูู ูุญู ูุน ุงู ุซูุฑู ุงู ุงูุชูุงุถู ุดุนุจูู ูู ูุฌู ุงู ูุณุชุจุฏ ุงู ุทุงุบูู ููุง ุนโฆ
102,0,ูู ููุงุฌุฆูู ุฎุทุงุจ ูุตุฑุงููู ุงูููู  ููููู ุฌุนููู ุงุณุชุนุฑุถ ูุดูุฏ ุงูุฏููู ูุฑุงูุชู ุงุดุจู ุจุงูุฑูุงู  ูุง ุณูุงุฏู ูุณูุงุญ ูุชููุช  ุฏุณุชูุฑ ูุบูุจ  ูุญุงุตูโฆ
103,0,ูุงุตู ุณุฑู ุซูุฑู ุงูุดุจุงุจ ุจุงูุธููุฑ ูุงูู ูุนุฑู ููู ุชุณุฑู ุงูุซูุฑุงุช ุฎุงุตู ุงูุงู ุงุชุญุงุฏ ุงูุทูุงุจ ูุน ุงูููุฒุงู ููุน ุงูุดููุนูู ููุน ุงููุงุตุฑููโฆ
104,0,ููุงุฏู ุชุญุงูู ุฏุนู ุงูุดุฑุนูู ูู ุงูููู  ุงูููุงุช ุงููุดุชุฑูู ููุชุญุงูู ุชุนุชุฑุถ ูุชุฏูุฑ ุณุชู ุตูุงุฑูุฎ ุจุงูุณุชูู ุงุทููุชูุง ุงููููุดูุง ุงูุญูุซูโฆ
105,0,ุงูุธุฑูุง ููุญุฑุจ ุงูุดุฑููู ูู ุฌุงูุจ ุงูุตุงุฑ ุงููู ูุงูุญุฑุจ ุงูุฎุจูุซู ูู ุฌุงูุจ ุจูู ุณุนูุฏ ูุชุญุงูููู ููู ููุตููู ุงููุฏููโฆ
106,0,ูู ุงุชููู ุนู ุงููุชุงุจู ูู ุงูุตุจุฑ ูู ุงููุฑุงู ูุงูุณูุฑู ููุตุฑู ุงูุญู ุงู ุดุงุก ุงููู ูุฐุง ููููู ููู ุงุชูุงุฒู ุนูู ููุฌุฑุฏ ุงู ููุงู ูู ูุนุชุจุฑู ูุฎุฏุฑุงโฆ
107,0,ุงููู ุนูู ุงูุญูุท ุนูู ุงุฌุฑ ููุต ูุงูุทุฑูุง ๐  ุณููุง ุญุฑุจุง ุจุงูุนูุงู
108,0,ูุจูุธุฑู ุชูุณูุฑ ุงูู ูุชุนููู ุงููุฏุงุฑุณ ูููุต ูู ุงูุชุฑุจูู ุงูุงุณูุงููู ุนูุฏ ุงูุงูุงูู ุญุฏูุซ ุงูุฑุณูู ุญูุซ ูุงู ุตูู ุงููู ุนููู ูุณูู  ููยุฑโฆ
109,0,ููุช ูุงูุง ุงุจูู  ูุง ุชุฎุทุฆ ุงูููู ุงู ุญุฒูู ููุณ ุนูู ุงุญุฏ ุจู ุนูู ุญุงูู ูู ุงูู ููุฐุงูุงู ุงูุญุฑุจ ูุน ุงูุญูุงู ุซูููู ููุบุงูู ููุง ูุชู ุงููู ุนูโฆ
110,0,ูุถุฑูุฑู ุงูุงูุชูุงู ุงูุนููู ุจุชูููุฐ ุงููกูงููก ูู ุฏุงุฎู ูุฌูุณ ุงููุฒุฑุงุก  ุชุญููุช ูููููุดุนุจ ูุฌูุด ูููุงููู  ุงูู ููุทู ุถุนู ูุทููู  ููุญุฒุจ ุงููโฆ
111,0,ุจุนุฏ ุงุณุชุดูุงุฏ ูุงูุฏู ุงุณู ุฌูุงู ุฎูุงู ูุนุฑูู ูุน ุนูุงุตุฑ ุฏุงุนุด ูู ุชุงุฑูุฎ  ูู ูุงุญูู ูููุฌู ูู ูุถุงุก ููุฑู ุงููุงูุนู ุถูู ุงููโฆ
112,0,ุดุงูุฏ ูุตู ุงุณุฑุงุฆููู ุนูู ูุฑูุฒ ููููุงุฏู ุงูุนุงูู ุงูุฌุจูู ุงูุดุนุจูู ูุชุญุฑูุฑ ููุณุทูู ุงูุชุงุจุนู ูุงุญูุฏ ุฌุจุฑูู ูุงุตูุงุช ุงููุถุงุฏุงุช ุงูุงุฑุถูู ุชุณูุน ุจูโฆ
113,0,ูุงุจุชุธุจุท ูุงุญุฏุง ุจูุงุชู ุบูุฑูุง ูุงุญุฏุง ูุณุชุนุฏ ูููุช ูุฑูุงู ูุทูู ุบูุฑูุง ููุญูุง ููุงูููู ูุงู ูุญูุง ูุด ูุงูุนูู ุงูุง ุจุงูุญุฑุจ ูโฆ
114,0,ุง ูุงูู ุงูุญุฌู  ุงูููููู ุฏุงุฆูุง ุชุณุชุถูู ุงููุคุชูุฑุงุช ูุงููุฏูุงุช ุงูุงุณูุงููู ููุฐุง ุงูุจุฑ ุฏููู ุนูู ุงูุชูุงููุง ุจุฎุฏูู ููุดุฑ ุงูุงุณูุงู ุจูโฆ
115,0,ูุงู ูุณุคู ูู ูุง ูุณูู ุฌูุด ุงููุฏุณ ูุงูุฏู ุนุถู ููุงุฏู ูุฑูู ูู ุญุฒุจ ุงูุจุนุซ ุจุนุฏ ุฒูุงู ูุธุงููู ูุดููู ูุงูุฏู ุจุงุฌุชุซุงุซ ุงูุจุนุซ ุงุตุจุญ ูุฏูุฑุง ูุฌูุงุฒ ุงุณโฆ
116,0,ูุงุนูุฏู ุงูุง ููุงุทุญ ุญุฑุจ ูุญูุจ ูููุงุจู  ุนุฒุงููู ุงูู ูุง ุจูู ๐๐ ุนูู ููุฑู ุงูุจุฑูุทุงููู ูุฑูู ุงูุงูุฑููุงู ูุงุจููโฆ
117,0,ููุงู ุฐูุจ ุงุณุงุณ ูุด ูุดููุชูู ุจูุฑุงุฑ ุงูุญุฑุจ ููู ูุฎูุฒููู ููู ุงูู ุงูุญุฒุจ ูุนู ุณูุงุญ ูุจูุฏุฏ ูุฌูุฏ ุงูุงุณุฑุงุฆููู ููู ููู ุจูุดุชุบูู ุนูุฏู
118,0,ุงุณุชุบุฑู ุชุดูุฏู  ุณููุงุช ุงูุชุชุงุญ ูุณุฌุฏ ยซูุฎุฑ ุงููุณููููยป ูู ุงูุดูุดุงู ููููู ุงูุจุฑ ูุณุฌุฏ ูู ุงูุฑูุจุง ููุชุณุน ู  ุงูู ูุตูู
119,0,ูุฑุดุฏ ูุณุงุฏ ููุง ูุฑุงุก ุงูููุงููุณ  ุงูุณุฏ ูู ุงููู ุดุงููุง ุงูุดุนุจ ููู  ุงูุง ูุงุญุจ ุงุฎูุงู ูู ุทุงุนูุง ุจููุณ  ุงูุง ุงุญุจ ุงุฎูุงู  ูู ุทุงุนูุง ุงููู
120,1,ุงูุฌุงุฑ ูุงู ูุจูุบ ุนู ุฌุงุฑู ุงูู ุงุฎูุงู ููุฎูุงุต ููู  ุงูุธุงูุฑ ุงู ุงูุงููุฌูู ุงูุงู ุฌูุงู โฆ
121,0,ูุฌูุณ ุงูุฏููู ููุชุตุฑ ููุนูุงู ูููุฒู ุงูุญูููู ุจุชุซุจูุช ุงูุนูุงูู ุงููุคูุชู
122,0,ุงุฑูุน ูุง ูู ุงูุงูุฑ  ูู ุฌูู ุฏูููู ุนูู ุงูุงูู  ุงู ูุชุงุจ ุงููุณูููู ุงูููุฏุณ ููุชุงุจ ุงููููุฏ ุงูููุฏุณ ูุฏ ุงุชููุง ุนูู ุฒูุงู ุงุณุฑุงุฆูู
123,0,ุงุนูุงู ุญุงูู ุงูุญุฑุจ  ููุงุฐุง ุงูุชู ูุงุนููู ูุจูุชู ุจุงูุฐูู ูุงูููุงูู ูุงุณุชุจุงุญู ุงุฑุถ ุงูุนุฑุงู ูุชููู ุณุงุญู ุญุฑุจ  ุงูุง ูุนูู ุงโฆ
124,0,ูฒุญุจุจุช ูุฏุงูุนุช ุนู ูุงุฏู ุฌูุด ุงูุงุณูุงู ูุงููู ูู ุฌูุด ุงูุงุณูุงู ูุณุงุณุชูุฑ ุจุงูุฏูุงุน ุนููู ูุงุณุชูุฑูุง ูู ูุฐุง ุงูุตุฑุญ ุงูุนุธูู ูุนุฑูุชูู ูุงูโฆ
125,0,ุงุตุจุญ ููุดู ุซุงุจุช ูุนูู ุงูููุดูู ุงู ุงูุญุฑุจ ุญุฑุจ ุนูุงุฆุฏูู
126,0,ูููุงุฑ ููุตู ูุง ูุณุชุทูุนูู ุงููุงุฐ ุงููุณูููู ุงููุธููููู ูู ุงุตูุงุน ุงูุงุฑุถ ููุง ูุณุชุทูุนูู ุชุญุฑูุฑ ููุณุทูู ูู ุจุถุนูโฆ
127,0,ุงูุทูุฑุงู ุงูุญุฑุจู ุงูุงุณุฑุงุฆููู ููู ุงูุฌููุจ ูุจูุฑูุช  ูุญุงููู ููุชุฎููู ูู ุญุฑุจ ุงุฐุง ุฑุฏ ุญุฒุจ ุงููู ุนุณูุฑูุง ุจุงุนุชูุงุฏู ุงุฎุฐ ุงููุฑุงุฑ ุงุฐุง ุทุงโฆ
128,0,ุงููุนููู ุญุงู ุงูููุช ูู ูุตุจุญ ูุฑุงุฑ ุงูุณูู ูุงูุญุฑุจ ูู ูุฏ ุงูุฏููู ุงููุจูุงููู ูุนูู ุงููุจูุงููู ุงู ูุชูุญุฏูุง ุชุญุช ุฑุงูู ุงูุนูุด ุงููุดุชุฑู ูโฆ
129,0,ุชุนุฏ ูุชุงุฆุจ ุญุฒุจ ุงููู ุงููุตูู ุงูุงูุซุฑ ุญุฑููู ูุงุชูุงู ูุนูููุงุชู ุงูุนุณูุฑูู ููุงุฏุงุชู ุณุฑูู ูุนูููุงุชู ููุนูู  ุชูุชูู ุงููุชุงุฆุจ ุงุบูุจ ุงโฆ
130,0,ูุนู ุญู ูู ุฌุจูู ุงููุตุฑู ูู ุงูุฏุงุฎู ุงูุณูุฑู ุชุนุชูู ุงูุงุญุฑุงุฑ ูุชุจูุง ููุง ุตุงุญุจู ุงููุฑุงุฑ  ููู ุชโฆ
131,0,ุชููู ุงูุฑุงู ุงุนููุช ุงูุญุฑุจ ุนูููุง ุจุญุดุฏูุง ุงูุดุนุจู ูู ุงูุนุฑุงู ูุงููุนุฑูู ุงู ุงูุญุดุฏ ุดูู ุจูุชูู ุนุฑุงููู ูุตุฏ ุฏุงุนุด ููู ูุงโฆ
132,0,ูุงููู ูุงุฒู ูุชุนูู ููุฑู ุชูุธูู ุงูููุชุงุบูุจ ุงูููุณูู ุจุญูุงุชูุง ุณุจุจูุง ุณูุก ุชูุธูู ุงูููุช ุณูุงุก ุจุงูููู ุงู ุงูุงููุญุท ูููุณู ุฌุฏูู ุญูุงู ููโฆ
133,0,ุงูุฑููุง ูุงุณุฑุงุฆูู ููุงุฑ ุชุฏุฑูู ูู ูุง  ูุงูุนุฑุงููู ูุณูููู  ูุงูุญุดุฏ ุงูุดุนุจู ูุณูููู  ูุนูู ุงูููุงุฑ ุงุนุชุฏู ุนู ุงููุณูููู  ุงูุชููโฆ
134,0,ูุญูู ูุฎุจุฑููู ุนู ุฌูุงุฏ ุงูููุณ  ุงุฎุจุฑูู ุงู ุงุตุฏู ุฌูุงุฏ ูู ูุฏุฑุชู ุนูู ุงู ุชุจูู ูุฐุง ุงูููุจ ูููุง ุตุงูุญุง ููุญูุงู ุงูุงุฏููู ุจุนุฏ ูู ุชูู ุงูููุงุฌุงโฆ
135,0,ุนูู ุนูุณ ูู ุงูุงุฌูุงุก ุงูุณุงุฆุฏู ุญุงููุง ููุฏู ุงูุชุบุฑูุฏู ูู ุญุจ ุชูุงุฑ ุงููุณุชูุจู ูุญุฒุจ ุงููุชุงุฆุจ ุงููุณุชูุจู ูู ุดุฑูููุง ูู ุงูุฏู ุฎูุงู ุซูุฑู ุงูุงุฑโฆ
136,0,ูุงุฆุฏู ูููู ุชูุตูุช ุงูููุง ุนู ุชุฌุฑุจู ุนูููู  ูู ุงูุชูุธููุงุช ูุงูุชุดูููุงุช ูุงููุตุงุฆู ุงูุนุณูุฑูู ุงูุชู ูุฌุฏุช ุจุนุฏ ุชุงุณูุณ ุงูุฌูุด ุงูุญุฑ ููู ุชูุชโฆ
137,0,ุงูููู ุงุจุนุฏ ุงูุญุฑุจ ุนู ุงููุณูููููููู ุงููู
138,0,ุงูุง ุฎุงูู ุงูู ุงูุฑุฏ ุงูุงูุฑุงูู ูููู ุนู ุทุฑูู ุงุฐูุงุจูู ูู ุบุฒู  ูุชุตูุฑ ุนูุง ุญุฑุจ ุชุงูู ุงูุงุฎุถุฑ ูุงููุงุจุณ  ูุซู ุญุฑุจ ูขููกูค  ุงูุญูุงโฆ
139,0,ุจุณู ุงููู ุงูุฑุญูู ุงูุฑุญูู  ุจูุงู ุตุงุฏุฑ ุนู ุงูููุงููู ุงูุงุณูุงููู  ุจุนุฏ ููุงู ุงูุฎุจุฑุงุก ุงููุฎุชุตูู ูู ุงูููุงููู ุงูุงุณูุงููู ุจุชูููู ุงูโฆ
140,0,ุงููุงุนุฏู ุงูุงููู ููุนุงููู ุงู ุชููู ุงููุตุญู ูุฑุฌุนูุง ูุงููุงุนุฏู ุงูุซุงููู ุงู ุชูุชุจ ููุง ุชููุธ ููููุชู ุชููุธ ุช ูููุณ ุท ูุงูุง ุนููุช ูุงูู ุดุฎุต ูููุฒ
141,0,ููุงุจ ุงูุณูุงุฑุงุช ุชูุจุญ ุถุฏ ุงูุญุดุฏ ุงูุดุนุจู ุงูููุฏุณ ุงุจุทุงู ุงูุชุญุฑูุฑ ูุน ุงุฎูุชูู ูู ุฌูุด ูุดุฑุทู ุงุชุญุงุฏูู  ุงููุงููู ุชุณูุฑ ูุงูููุงุจ ุชูุจุญโฆ
142,0,ููุงุฐุง ุญุฑุจ ุชููุฒ ูู ุงูุจุฏุงูู   ุ   ูุงู ุดุฑุงุฑู ุจุฏุงูู ุงูุญุฑุจ ุนูู ูุญูุฑ ุงูููุงููู ูุงูุช ูู ุชููุฒ  ูุงุณุชูุฑุช ุงูู ููููุง ูุฐุง  ูู ุชุบุทูุชูโฆ
143,0,ุจุนุฏ ูููู ุณูุงุญุชู  ุงูููุงููู ุชุฑุฏุน ุงูุนุฏู ูุชููุนู ูู ุงููุบุงูุฑู ุจุงูุญุฑุจ ูุงููุตุฑ ููุชูู ุนูุฏูุง ูุง ุชุณุงูู ุงูุฏููู ุนูู ุชุถุญูุงุช ุงูููุงูููโฆ
144,0,ุตูุฑ ุญุฑูู ุงูุฌูุงุฏ ุงูุงุณูุงูู ุชูุธู ูููู ูู ุบุฒู ูุตุฑู ููุงุณุฑู ุงููุถุฑุจูู ุนู ุงูุทุนุงู
145,0,ุจุฏุง ุซูุฑู ุนูู ูู ุดูุซูุฑู ุนูู ููุณูุง ูููุงุทููู ููุนุฑู ููู ููุชุฎุจ ูููู ูุญุงุณุจ ููู ุจุนุฏุง ูุซูุฑ ุนูู ุงููุตูููุง ูููู
146,0,ุงููุซู ูููู ุงูุฐุจ ุงูุฐุจ ุญุชู ุชุตุฏู ููุณู ูู ุชุนูู ุงู ูู ุชุณูููู ุงุญุฑุงุฑ ูู ุจุฏุงูุงุช ุงูุซูุฑู ุฎุฑุฌูุง ุงูู ูุทุฑ ูู ุงโฆ
147,0,ููุฐุจุญ ุงููููููู ูุงูุจุงูุณุชุงูููู ูุงููุดููุฑููู ุฎููุง ูู ุฎุฑูุฌ ุงูููุฏู  ููุดูุก ุฌูุด ุชุญุฑูุฑ ุงููุฏุณ ูุงููู ุณูุฎุฑุฌ ูู ุจูู ุธูุฑุงูููู
148,0,ุนุงุฌู  ุงุตุงุจู ุฌูุฏู ูู ุฌูุด ุงูุงุญุชูุงู ุจุฌุฑูุญ ุฎุทูุฑู ุฌุฏุง ุจุนุฏ ุงููุฌุงุฑ ูุบู ุงุฑุถู ุนูู ุงูุญุฏูุฏ ูุน ุงูุงุฑุฏู ูุตุงุฏุฑ ุนุจุฑูู  โฆ
149,0,ุงูุงุญุชูุงู ุงูุงุณุฑุงุฆููู ูุณุชูุญู ูุนูู ูุนูู ุญุฑุจ   ุ   ุฎูุตููุง ูุงุจูุดูุง ูุงุจูุง ูู ุญุฑูุงุช  ุงูุญุฑุจ ุงูููุณูู ูุงู ูุงุดูู
150,0,๐บุนุงุฌู  ููุงุช ุงูุญุดุฏ ุงูุดุนุจู  ุงูููุงุก  ูุฏูุฑ ูุถุงูู ู ุฏุงุนุด ุฌููุจ ุบุฑุจ ุนูุงุดุงุช  ุงูุนุฑุงู ุงูุงูุจุงุฑ  ุงุฑุงุฏู ุงููุตุฑ
151,0,ุชููู ุงูุฑุงู ุงุนููุช ุงูุญุฑุจ ุนูููุง ุจุญุดุฏูุง ุงูุดุนุจู ูู ุงูุนุฑุงู ูุงููุนุฑูู ุงู ุงูุญุดุฏ ุดูู ุจูุชูู ุนุฑุงููู ูุตุฏ ุฏุงุนุด ูโฆ
152,0,ุงููุง ูุคุณุณ ุฏุงุนุด ูู ุงูุฒุฑูุงูู ูุนูููู ููุงุบุจูุงุก ุงูุงุนุฑุงุจูู  ูุซุงููุง ูููุง ุชุนุฏุฏุช ุงูุชุณููุงุช ูุจูู ุฏุงุนุดโฆ
153,0,ุงูููุงู  ุงูุนุจุฑูู ุชุณุชุนุฏ ุงุณุฑุงุฆูู ูุฑุฏ ูู ุญุฒุจ ุงููู ุงููุจูุงูู ูุฐูู ูุดุฑ ุงูุฌูุด ูุชุงุฆุจ ููุงุชูู ูู ุงูููุฏุงู ูุฑูุน ุฏุฑุฌู ุงูุงุณุชููุงุฑ ููโฆ
154,0,ุชู ุงุตุฏุงุฑ ูุฑุงุฑ ุจุงูุถูุงููู ููุฌูุด ูุงูู ูุชุนูู ุจุฏูุงุฆุฑ ุงูุฏููู ูุฑุฌุน ููุธููุชู ุงูุชูุง ุฑูุญูุง ููุณูู
155,0,ูุงู ูุฏู ููุฑ ุงูุฏูู ุงู ูุฑุจุท ุงููุงุณ ุจุงูุชุญุฑูุฑ ูุงุณุชุนุงุฏู ุงููุฏุณ ูู ุฎูุงู ููุจุฑ ููุถุน ูู ุงูุงูุตู ุนูุฏ ุชุญุฑูุฑู ุชููู ููู ุงูุฎุทุจ ุงูู ุงุฑุฌุงุก ุญูุงุถโฆ
156,0,ุงูุซูุฑู ุงูุงุฑุชุฑูู  ูกูฅ ุนุงูุง ูู ุงูููุงุญ ุงููุณูุญ ูก ุงูููู ูกูฉูฆูก  ูก ุงูููู ูกูฉูงูฆ  ูุฑูุฒ ุงูุงุนูุงู ุงูุฎุงุฑุฌู ูุฌุจูู ุงูุชุญุฑูุฑ ุงูุงุฑุชุฑูู  โฆ
157,1,ุฌูุงุนู ุณุจุงููุฑ ูุงู ุงูุฎุงูุณ ุงููู ุณูู ูุต ุงูุนุฑุงู ูุฏุงุนุด ุฒุฑุจุชูุง ุจุงูุฏููู ุงููุณุงุฏ ูุงูููุณุฏูู ูู ุณุจุจ ุฏุฎูู ุฏุงุนุด
158,0,ุงู ุญุชู ุฏุงุนุด ูุฌุจูู ุงููุตุฑู ูุฏุฎููู ุนูู ุฑุงุญุชูู ููุนุฑุงู
159,0,ุงูุนูุฑู ููููุก ุงูููุงุก ุงุจุฑุงููู ุจุนูุฏ ุงูุงูู ุงูุนุงู  ููุงุก ุงูุงูู ูุงููููุงุช ุงูุตุนุจู
160,0,ูุนุงุฏู ุงูุงุจุทุงู ุญูู ูุฑุญููู  ูู ุฒุญูู ุงูุงุญุฏุงุซ  ูุง ูุณุชุณูููู  ูุฏูุฑูู ูููุธ ุงูู ุซูุฑู  ูุซูุฑู  ูุงููู ุถุฑุจ ูู  ุงูุฎูุงู  ูุงูโฆ
161,0,ุจุนุฏูู ุนู ูุนูุฑ ูู ูุฑุง ุญุฑุจ  ููุชูู ุจุญุฑุจ ุซุงููู
162,0,ูุชุฎุฐ ุงููุชุทุฑููู ูุงูุงุฑูุงุจููู ุบุทุงุก ุงูุฏูู ูุชูููุฐ ุงุฌูุฏุงุชูู ูุชุญููู ุณุทูุชูู ุนูู ุงูุงูุณุงู ูุงุณุชุนุจุงุฏู  ุฏุงุนุด
163,0,ุงูููู ุงููุฌูุณ ุงูุงูุชูุงูู  ูู ูุนุฏ ููุจููุง ูุญุงููู ุชุญุฑูุฑ ููุงุทู ุดูุงููู ูู ุธู ุงุณุชูุฑุงุฑูู ูู ุชูุฌูู ุญุฑุจูู ุนูู ุงูุฌููุจ
164,0,ูุญู ูุญุจ ุงูุฌูุด ูุถุจุงุทู ูููู ูููู ูุนูู ุงู ููุงู ุถุบูุท ูุฒุนุจุฑุง ุฎุฑุงุฌ ุงุฑุงุฏุชูู ูุณูุทุฑุชูู ูุงููู ุฌูุด ููโฆ
165,0,ูุงูุฎูุงูู ุงูุนุซูุงููู ูุฒูุงู ูุงูุณูู ุงูุฑูู ูุงุณุชูุฑุงุฑ ุงูุญุฑูุจ ูุน ุงูุตููุจูู ุนุงู ูุงุณุชูุฑุงุฑ ุงูุตููุจูู ุงูุนโฆ
166,0,ุงูุงูุซุฑ ุตุฏุงูุง ูุน ุงููุณูููู ุทุจุนุง ุงููุตุงุฑู ููุฐ ุจุฏุงูู ุงูุฏููู ุงูุงุณูุงููู ุจูุชูุญุงุช ุงูุดุงู ููุตุฑ ุงูู ุงูุฏููู ุงูโฆ
167,0,ูุนู ุงูู ุงุนูุงู ุญุฑุจ ูุนูู ุงุณุฑุงุฆูู ุงู ุชุชุงูุจ ูุญุฑุจ ูุฏููู ูู ูุจู ุฌูุด ุงูุทูุทุงุช ุฌูุด ุชุงุจุฑูู ูุงู ุญุฑุจ ูุงู
168,0,ูุญูู ูุณุงูููู ุนู ุฌูุงุฏ ุงูููุณ ุงูุญูููู ุงุฎุจุฑูู ุงู ุงุตุฏู ุงูุฌูุงุฏ ูู ูุฏุฑุชู ุนูู ุงู ุชุจูู ูุฐุง ุงูููุจ ูููุง ุตุงูุญุง ููุญูุงู ุงูุงุฏููู ุจุนุฏโฆ
169,0,ุงููุฏูุฏ ุชุฑุฌูู ูุคูู ููุฏุงุฏ  ุนุงุฌู  ุงุฐุงุนู ุฌูุด ุงูุงุญุชูุงู  ููุงุช ุงูุฌูุด ุชูููุช ูู ุงุนุชูุงู ูููุฐู ุนูููู ุฏูููุจ  ุงูุฑูุงุจู ุงูุนุณูุฑููโฆ
170,0,ูุนุฑู ุงููุง ุญูุช ุงูุงุณูุงู ูููุฏุณุงุช ุงููุณูููู ุงูุซุฑ ูู  ุนุงู  ููุฏููุง ุฎูุฑ ูุดุฑ ููุซููุง ุงูุฎูุงูู ุงูุงูููู ูุงูุนุจุงุณุจู
171,0,ุงููุง ุงูู ุงูุฏููู ูุงุนุฒูุฒู ูู ูุจูุงู ููุงู ูุฐุจู ุจุงุณู ุงูุฏููู ุงูุง ุงูุญูููู ุงู ูุจูุงู ูุฒุงุฑุน ุฎุงุตู ุนูู ููุงุณ ูู ููโฆ
172,0,ุชุญุฑูุฑ ุงูุงุฑุถ ูุจุฏุง ุจุชุญุฑูุฑ ุงูุงูุณุงู
173,1,ุงูู ูุงูุช ุดุฌุงุนู ุงููุนุงุฑุถูู ุนูุฏูุงุบุชุตุจุช ูุนูููู ูู ูุจู ุฌุจูู ุงููุตุฑู ูุงูุฌูุด ุงูุญุฑ
174,0,ููุฏ ูู ุชุญุงูู ุณุงุฆุฑูู ูุฒูุฑ ุดุจูู ุงูุงุนูุงู ุงูุนุฑุงูู ููุจุญุซ ุฏูุฑ ุงูุดุจูู ูู ููู ุงูุญูููู ูุนุฏู ุชุณูุณ ุนูููุงยูุฌููโฆ
175,0,ุญูุงู ุงูุฎููุฌ ูุงุชุฏุฎูู ุจููุงู ุงูุง ูุฎุฑุจูู ููุงุตุฑู ุงููุงูุฑูู ุนูู ุงููุณูููู  ูุณุงู ุงููู ุงู ูุฎูุต ุงุฎูุงููุง ูู ุงูโฆ
176,0,ูุฑูู ูุง ูุณูู ูกูค ุงุฐุงุฑ  ูุจููู ุนูู ูุฑุงุฑ ุงูุญุฑุจ ูุงูุณูู  ูููููู ุงูู ุจูุฏ ุงูุฏููู  ูู ุงูุฏููู ูุงุฏุฑู ุนูู ุฐูู  ูู ูุฑุถูู  ุงู ูููู โฆ
177,0,ุณูุงุฏู ุงูููุงุก  ููุช ุทุงูุจุง ูู ุงูุงุจุชุฏุงุฆูู ูุทูุจ ุงููุนูู ููุถูุนุง ุงูุดุงุกุง ุนู ุชุญุฑูุฑ ููุณุทูู ููุชุจุช ูู ูุซููุง ุชูุถูุช ุจูุฐุงโฆ
178,0,ุงููุง ุงูุซูุฑู ุงูุณูุฑูู ูู ุซูุฑู ุถุฏ ุงูุธูู ูุงูุฏููุชุงุชูุฑููููู ุงุฌู ุงูุนุฏุงูู ููุฌููุน ููู ูุงุฆุฏู ูุฌูุดูโฆ
179,0,ุงูุฌุจูู ุงูุดุนุจูู ุงู ุญูุงุณ ุงู ุฌูุงุฏ ุงูุงุณูุงูู ุงู ูุฌุงู ุงูููุงููู ูููู ูุคูุฏูู ูุงูุฑุงู ูุงููุง ุงูุฏููู ุงููุญูุฏู ุงูโฆ
180,0,ูุจูุณู ูู ููู ุงู ุงูููุงููู ูู ุจุฏูู ุนู ุงูุฏููู ุงู ุงูุฌูุด
181,0,ุงุฌุช ุงูุฏููู ูุชุญู ูุณุงูู ูุงูุช ุงูููุงูู ูุตุงุฑ ูู ุนุฒู ูุงูุนุฒุงู ูุชุนุฒูู ูุฑูุถุชูุง ูููู ุชุชุงูุฑูู ุนูู ุงูุฏููู  ุงูููู ุดู ุงููโฆ
182,0,ุญุฑุจ ูุงููุงุช ูู ุงูุฎููุฌ  ุญุฑุจ ุทุงุฆุฑุงุช ูุณูุฑู ูู ุงูุดูุงู  ุญุฑุจ ุงุนูุงููู ุนูู ูู ุงูุฌุจูุงุช  ุงูู ููู ุงูุงูุชุญุงู  ุงู ูกูงููก  ุงู ูุง ุฏููู
183,1,ุทูุฑุงู ุงูุตูุงููู ุงูุงู ููุตู ุฌูุด ุงูุงุณุฏ ูู ุฏูุดู ูู ุชุนูู ุงูู ุทุงุฆุฑุงุช ุงูุฌูุด ุงูุณูุฑู ุงูุงู ุงูุถุง ููู ููุณ ุงูุชูููุช   ุ   โฆ
184,0,ุงูููู ุงูู ุฌูุงุนู ุงูุนูุฏ ุงูููู ุงุฎุฏูุง ูู ุชุนููุงุช ุงููุฌูุณ ุงูุฏุณุชูุฑู  ุงูุงุดูุง ุงูุซุงูููู ูุชู ุญุฑุจ ููุง ุญุฑุจ ูุง ุจูุชุฏุฎููุง ูููุง ๐๐
185,0,ูู ูู ุดูุนูุท ูู ุฏุงุนุด ุงุณุฑูุง ุฌููุฏ ุงูุฌูุด ุงููุจูุงูู ูุงูุฏููู ุจุทูุช ุนุงุฑูู ุญุงููุง ุดู ุชุนูู ุจุฏู ุชูุงุชู ุงุณุฑุงุฆูู   ุ
186,0,ูู ูุจุฏู ุบุฑูุจุง ุฐููู ูุจูุงููู ูู ุงูููุงุก ุงูุฏููู ูุงูุญูููู ุนู ูุดูุฏ ุงูุงุถุทุฑุงุจ ุงููุจูุฑ ุนูู ุงูุฌุจูู ูุน ุงุณุฑุงุฆููุงูุฐููู ููุน ูู ูโฆ
187,0,ุงูุฑู ุงูุฎูุถ ูู ุงูุงููุฑ ุงูุชู ุชุชุญุฏุซ ูู ุงูุนุฑููู ูุงูุทุงุฆููู ูุงูููุงุทููู ูุงูุซูุฑู ูุงุถุญู ูุตุฑูุญู ูู ุซูุฑู ุดุนุจู ููุณุช ูุฆู ุงู ุนุฑู ุงู ุทุงุฆููโฆ
188,0,ุฑูุณูุง ูุงูุฑูู ุชุญุฑูุฑ ุงูุฌูุด ุงูุณูุฑู ูุงุฑุงุถูู ูุง ูุนุฏ ุฎุฑูุง ูุงู ุชูุงููุงุช ุจูุง ูููุง ุงุณุชุงูุง ูุณูุชุดู
189,0,ุฑูุณูุง ูุงูุฑูู ูุง ูููู ุจุนุฏ ุชูุธูู ุงูุฏูุฑูุงุช ุงููุดุชุฑูู ููุฌูุด ุงูุฑูุณู ูุงูุชุฑูู ูู ุงูููุทูู ุงูููุฒูุนู ุงูุณูุงุญ ูู ุงุฏูุจ
190,0,ุจุนุฏ ุงูุถุงุญูู ุงุณุชูุฏูุช ุงุณุฑุงุฆูู ููุงูุน ููุฌุจูู ุงูุดุนุจูู ูู ุงูุจูุงุน  ุงููุง ุญุฑุจ  ุงูุฏููู ูุณุคููู ุนู ูุจูุงู  ุงู ุชููู ุนูู ูุฏุฑ ุงููุณุคูููู ุงู ุชุณโฆ
191,0,ุตุญ ููุงูุฌ  ุงููู ูุฑูุฏ ูููุฐ ุงุฌูุฏู ุจูุงุฏู ุจุงูุนุฑุงู  ูุงูุฏููู ุนุจุงุฑู ูุฑุด ูุงุจุณ ุจุฏูู ูุง ุชุญู ููุง ุชุฑุจุท ููุงุนโฆ
192,0,ุทุงููุง ูุฎุต ุงูุฌูุงุฏ ููุณูุง ุจุญุงุฌู ููุฑุงุฆุชู  ุงููุฌุงูุฏูู ุงููู ุดููุงูู ุณุฏูุง ููุณูุง
193,0,ููุงูุน ุงุนูุงููู ูุนุงุฑุถู  ุงุญุฏ ุงููุณูุญูู ุงูููุชููู ูุฏุงุนุด ููุฌุฑ ุญุฒุงูู ุงููุงุณู ุจุนุฏ ูุญุงุตุฑุชู ูู ูุจู ูุณูุญู ููุฆู ุชุญุฑูุฑ ุงูุดุงูโฆ
194,0,ูู ุญุฑุจ ุงููุงููุงุช ุงูู ุญุฑุจ ุงููุณูุฑุงุช
195,0,ุงูุง ูุง ุงูุตู ุจูู ุชุญุฑูุฑ ุงููุฑุงู ูุชุญุฑูุฑ ุงููุทู  ููุงู ุงูุณุนุฏุงูู
196,0,ูุง ููุง ูุชููุน ุงู ุงูุดุฑุนูู ุชุชุญุฑู ุจูุฐู ุงูููู ูุจูุฐู ุงูุณุฑุนู ุถุฏ ุงูุฌููุจ ุจูููุง ุฌุจูู ููู ูุงุฆูู ูฅ ุณููู ููุท ููููู ุงูุงุนุฑุงุณ ูุงููโฆ
197,0,ุงูุงููุงู ูุญุงูู ุฌุจูู ุงููุตุฑู ูุฏุงุนุด ูุนุฑูููู  ูุนู ูุณุชููุชู ุจุงูุฏูุงุน ุนููู ููู ูุนูููู ุชูุงู ุงูุนูู ุงููู ุงุฑูุงุจููู ููโฆ
198,0,ุจุงูุตูุฑ ุชุดูุน ูุณุคูู ุงูุฏุนู ุงูููุฌุณุชู ูููุงุก  ุจุงูุญุดุฏ ุงูุดุนุจู ูุชุงุฆุจ ุญุฒุจ ุงููู ูุงูุฐู ูุชู ุจุบุงุฑู ุฌููู ุบุฑุจ ุงูุงูุจุงุฑ
199,0,ููุชุจ ุงุนูุงู ุงูุงุณุฑู ุฌูุด ุงูุงุญุชูุงู ุงุนุชูู  ููุงุทูุง ูู ูุดูุญููู ุงุนุชูุงูุงุช ูุงุณุนู ูุฏู ุงูุตุงุฑ ุญูุงุณ ูุงูุฌุจูู ุงูุดุนุจูู ูู ุงูุถูู ุงููุญุชููโฆ
200,0,ุฌูุด ุงูุงุญุชูุงู ููุตุจ ุงููุจู ุงูุญุฏูุฏูู ุดูุงู ููุณุทูู ุงููุญุชูู ูู ุธู ุชุตุงุนุฏ ุงูุชูุชุฑ ูุน ุงูุฌุจูู ุงูุดูุงููู ูุจูุงู ูุณูุฑูุง
201,0,ุงูููุงุก ูุชูุงุนุฏ ุนุจุฏุงููู ุงููุญุทุงูู  ุงูููููู ุฏุงุฆูุง ุชุชุนุงูู ูุน ูู ุงูุฏูู ุงูุงุณูุงููู ุจููุณ ุงููููุฌ ููู ุงูุชุนุงูู ูุงูุฌุงุฏ ุนูุงูุงุชโฆ
202,0,ุงูุฏููู ุจุชุณุงู ููู ุงูุฏููู
203,1,ุซูุงุฑ ุฌูุงุฏ ุงูููุงุญ ูุงู ุฏููู ุชุงุจุนูู ุจุนุฏู ุจุชุญูู ุจุซูุฑู ุงูุชู ูุฌููุนู ูุชุฎูููู
204,0,ูุซู ูุฒุฑุน ุงูุญุดูุด ุงูุชู ุชุฏูุฑูุง ูุง ุชุณูู ุซูุฑู ุงูุณูุฑูู ูุฌูุงุฏ ุงูููุงุญ ูุงูุฏููุงุฑุงุช ูุงูุงุบุชุตุงุจ ูุงูุณุฑูู ููุทุน ุงูโฆ
205,0,ุชุญุงูู ุงูุดุฑุนูู ุงูุงุตูุงุญ ุฏุงุนุด  ุงูููุฌ ุฌุงูุฒ ูุงูุงุจุงุชุดู ุฌุงูุฒู  ูุงููุงุน ุฌุงูุฒ ุจุงููุฏุงูุน ูุงูุฏุฑูุน  ุดุจูู ุนุตูู ูุงููุจุงูู ุญุงุฌุฒู  ุจุงูุณูู ุจุชูุตโฆ
206,0,ุงูุฌุจูู ุงููุทููู ููุชุญุฑูุฑ ุชุนูู ุชุฏููุฑ ุฏุจุงุจู ูููุงุช ุงูุงุณุฏ ุจุตุงุฑูุฎ ูุถุงุฏ ุฏุฑูุน ุงุซูุงุก ุตุฏ ูุญุงููู ุชูุฏู ููู ุนูู ูุญูุฑ ุชูู ุงูุฒูููุงุช ููโฆ
207,0,ุณุคุงู ูุงุฏุนูุงุก ุงูุณูุงุฏู ูุงูุดุฑู ููุคุณุณุงุช ุงูุฏููู ุงูุทุงุฆุฑู ุงููุณูุฑู ุจุญูุฒู ูู ุงูุงู   ุ   ููู ุชู ุงูุชุงูุฏ ุงููุง ุงุณุฑุงุฆูููู ูู ูุจู ุงุฌูุฒู ุงูุฏูููโฆ
208,0,ุจูุง ุงู ุดู ูุง ููุชูู ุตุญูุญ ุชูุงูุง ููุง ุฎูุงู ุนููู ููููู ูู ูุบูุฑ ูุงูุน ุงูููุชุตุฑ ุจุงูุญุฑุจ  ุงููุณูููู ุทุจุนุง
209,0,ุญุฑุจ ุงูุบุฑุจ ุนูู ุงูุฑุงู ุชูุซูู ูุฏูุนุฑูู ุงูุงุทูุงู ููุชููู ุงููุณูููู ููุณุชุจูุญูู ุงุฑุงุถููู ุจุญุฌู ูุญุงุฑุจู ุงูุฑุงู ูุชุง ุชุตุญูโฆ
210,0,ูู ุงููุณุงุฆูู ุจุนุฏ ูููู  ุญูุงูู ูู ุงูุชุญุฑูุฑ ุงูุงูู ุงูู ุงูุชุญุฑูุฑ ุงูุซุงูู  ุงูุชุตุงุฑ ุงููุญุฏู  ุชุบุทูู ุงุฎุจุงุฑูู ูุญูุงุฑูู ูููุฏุงููู ุนูโฆ
211,0,ุชุญุงูู ุงูุดุฑุนูู ุงูุงุตูุงุญ ุฏุงุนุด  ุงูููุฌ ุฌุงูุฒ ูุงูุงุจุงุชุดู ุฌุงูุฒู  ูุงููุงุน ุฌุงูุฒ ุจุงููุฏุงูุน ูุงูุฏุฑูุน  ุดุจูู ุนุตูู ูุงููุจุงูู ุญุงุฌุฒู  ุจโฆ
212,0,ูุตุฑุงููู ุฏุงุนุด ุงูููู ูู ุงุจุนุฏ ูุง ูููู ุนู ุจูุฏูุง ูุงููุตุฑู ูู ุงุจุนุฏ ูุง ุชููู ุนู ูุจูุงู ุจุนุฏ ุงูุฌุงุฒุงุช ุงูุฌูุด ุงูุนุฑุจู ุงูุณูุฑู ููู ูู ูุณุงุนุฏโฆ
213,0,ุงุณุชูุฏุงู ูููุนุง ููุชุงุฆุจ ุงูุดููุฏ ุฌูุงุฏ ุฌุจุฑูู ูู ุงูุจูุงุน ุงูุงูุณุท ูู ุฏูุงูู ุงู ูุฐุง ุงูุฎุท ูุญูุฑู ููุณุทูู ูุงู ุงููุฏู ูุง ุฒุงู ูุงุฆูุง ููุง ุงุฑุงุฏโฆ
214,0,ุงุชุณุงุกู   ุ   ุงูู ุฏุงุนุด ุงูุชู ุชูุงุฏู ุจุงูุฎูุงูู ุงูุงุณูุงููู ููุง ูุฌุฑู ูู ุงูุจุญุฑูู ูุงูุงูุงุฑุงุช ูุจูุงุฏ ุงูุญุฑููู   ุ   ููู ุชุฑููุง ููุณุทูู ุงููู ุนโฆ
215,0,ุนู ุงู ุณูุงุฏู ุชุชููููู ุณูุงุฏู ุงูุฏููู ุงููุจูุงููู ุงู ุณูุงุฏู ุญุฒุจ ุงููู ุนูู ุงูุฏููู ูู ูุจูุงู ุจุฑุงุฆูู ุฏููู ุฐู ุณูุงุฏู
216,0,ุนูุฏู ุงูุงูููุงุจุงุช  ูุง ุงุธู ุงู ููุงูู ุฌูุฑุงูุง ูุงุญุฏุง ูู ุงูุฌูุด ุงูุนุฑุงูู ูููุฐ ุชุงุณูุณ ุงูุฏููู ุงูุนุฑุงููู ุงูุญุฏูุซู ูุญุชู ููููุงโฆ
217,0,ููุชุงุฑูุฎ  ุจุฏุงุช ุงูุซูุฑู ุจุณูุงุนุฏ ุซูุงุฑ ูุฏููู ูุงุณุชูุฑุช ุจุนุฏ ุจูุฏ ุงูุซูุงุฑ ุจุนุฏ ุงู ุงุฌุจุฑูุง ุนูู ุญูู ุงูุณูุงุญ  ูู ุชูุชู ุงูุซูุฑู ุจุนุฏ ูุดโฆ
218,0,ุทุงููุง ุงู ุงูุฏููู ุงุนุชุฑูุช ุจุงู ุงูุฏุฎุงู ููุฑุฏ ูุงูู ููู ููููุงุฒูู ููู ุญูู ููุฏุฎู ุงู ุงุทุงูุจ ุงูุฏููู ุจุดููู ุฌููุน ุงููุฏุฎููู ุจุชุงููู ูโฆ
219,0,ุงูุงููู ุงูุนุงู ู ุญุฒุจ ุงููู ุงูุณูุฏ ุญุณู ูุตุฑุงููู ุงููุฑูุง ุทูุจุช ูู ุงูุฏููู ุงููุจูุงููู ุนุฏู ูุดุงุฑูู ุงูุฌูุด ุงููุจูุงูู ูู ูุนุฑูู ูุฌุฑ ุงโฆ
220,0,ู ุงุฎูุงู  ุญูุงุณ ูุนุฏุชูุง ุงูู ุฎูุงู ุดูุฑ ุจุนุฏ ุงูุญุฑุจ ุณูุชู ุจูุงุก ูููุงุก ููุทุงุฑ  ุชุถูููุด ูู ุณูู ุชุฐูุฑูุง ูููุง ุงููู ูุนูููุง ุนูู ูููุง  ุงุญุง
221,0,ุฏููู ุงูุฒุนุฑุงู ุนูู ูุชุฑูุฒ ููุฏุง ุงุฎุฑ ูููู ุงูุฏููู ุจูุณุฑูู ูููุณ ุงูุฏููู ุจุงุณู ุงูุชุฌุงุฑู ุจุงููุณูุญูู ูุงูุซุฑ ุนุงูู ูุนุชุฑโฆ
222,0,ูุงุชุฐูุจ ูุชุญุฑูุฑ ุงููุญุฑุฑ ูููู ุนูููู ูุงุจุทุงู ุงูุฌูููุฑูู ุชุญุฑูุฑ ุงูุญุฏูุฏู ููุง ุชุชููุน ุชูููุฐ ุดู ููโฆ
223,0,ุจุนุฏ ุงูุชุตุงุฑ ุงููุณูููู ุจููุงุฏู ุตูุงุญ ุงูุฏูู ุนูู ุงูุฑุจุง ุจุงูุญุฑุจ ุงูุตููุจู ุชูููู ุงู ุงูุญุฑุจ ูุน ุงููุณูููู ุชูุชูู ุจุฎุณโฆ
224,0,ุนูู ูููุฌ ููุงู ุชุฑู ูููุง ุดูุฏุงุกูุง ุงูุงุจุฑุงุฑ ููุง ุชุญุฑุฑ ุงูุนุฑุงู ูู ุจุฑุงุซู ุฏุงุนุด ูููุง ุงููุงุฏูู ูุบูุฑุชูู ููุจุฑู ุงูโฆ
225,0,ุงู ุงูุณุญุจุช ูุชุงุฆุจ ุญุฒุจ ุงููู ูุงูุนุตุงุฆุจ ูู ุงูุญุดุฏ ูุจุฏุงุช ุจุญุฑุจ ูุน ุงูุฌูุด ุงูุงูุฑููู ุณุชุญุฏุซ ูุฌุฒุฑู ุจุงูุงูุฑููุงู  ุงูุณูุงุฑู ุงูุงูุฑูููู ุณุชโฆ
226,0,ุณูู ููุง ุณุงููู ุญุฑุจ ููู ุญุงุฑุจู ูุงูููู ููู ุนุงุฏุงู  ุณููุง ุญุฑุจุง ุจุงูุนูุงู  ุณูุงุฌ ุงููุทู
227,0,ุจูุงู ุฌูุด ุงูุฏูุงุน ุงูุงุณุฑุงุฆููู  ุงุบุงุฑุช ููุงุชูุงุช ุฌูุด ุงูุฏูุงุน ุงูุงุณุฑุงุฆููู ุนูู ุนุฏุฏ ูู ุงูุงูุฏุงู ุงูุงุฑูุงุจูู ูู ูุฑูู ุนูุฑุจุง ุฌููุจ ุดุฑู ุฏูุดูโฆ
228,0,ููุฆู ุชุญุฑูุฑ ุงูุดุงู ุชุฏุงูู ููุฑุง ูุฎูุงูุง ุชูุธูู ุฏุงุนุด ุดุฑูู ูุฏููู ุณุฑุงูุจ
229,0,ุงูุช ูุง ุชุนุฑู ููู ุงู ูููู ุงูุณุงู ุตุงูุช ููู ุฌูุจู ุซูุฑู ูู ููุฑ  ุงูุช ูุง ุชุนู ูุฏู ูุญุฌู ุชูู ุงูุซูุฑู ุงูุชู ุฎุจุงูุง ูู ุฌูุจู ูุณุงุฑ ูู ุงูููุฑ ููู ูุงุฏุฆ ๐ค
230,0,ุงูุช ูุซู ุงูุญุงุฌู ุงูู ูู ูุฏูู ุงุฎูุงู ุดูุง  ูุงูุญูุงูุฌ ูู ูุฏูู ุงุฎูุงู ุดูุง ูุง ุชุทูู
231,1,ุงูุดุนุจ ุงููุนุชุฑ  ูุทูู ุงูุฏููู ูุฑุฆูุณ ุงูุฌูููุฑูู ูุงุทุฑูู ุฎุทุงุจ ุงูุณูุฏ  ุชูุนุฑู ูู ุญุฑุจ ุงู ูุง ูู ุญุฑุจ
232,0,ุงูุถุงูู ุถูู ููุงูู ุงูุซูุฑู ูุถูู ุชูุฌูุฑ ุณูุงู ุงุฏูุจ ููู ูุฌุฑ ุงูููุง ูู ูู ุงูุญุงุก ุงูุจูุงุฏ  ูุงุฎุงุฆู ููุซูุฑู ุงูุณูุฑูโฆ
233,0,ุจูุงุฏ ุงูุนุฑุจ ุงูุทุงููุญุฒุจ ุงููู ุญุงุฑุจ ุฏุงุนุด ูุงููุตุฑู ูุงูุชูููุฑูู ุงููุฐูู ูุชููุง ูู ุงูู ุงูุณูู ุงุถุนุงู ูุถุงุนูู ูููโฆ
234,0,ุชุญุงูู ุงูุดุฑุนูู ุงูุงุตูุงุญ ุฏุงุนุด ุบูุจู ุงูุฐูุจ ุณูุช ููุฎุฑูุงู ููุจู
235,0,ูู ุดุนูุจ ุงููููุจ ุจุณ ุชุณูุน ุจูููู ุญุฑุจ ุจุชูุฑุนุจ ุงูุง ุดุนุจูุง ูุงูู ุฑุงูุญ ุน ูุฏููู ููุงูู ๐  ุณููุง ุญุฑุจุง ุจุงูุนูุงู
236,0,ูุงุฑุจ ูู ูุน ุงุฎูุงููุง ุงููุฌุงูุฏูู ูุงุฑุจุท ุนูู ูููุจูู
237,0,ููุง ุงุณูุน ูุงุฑู ูุฐู ุงููุฌูู ุงููุญูููู ุนูู ุงูุงุฎูุงู ุงููุณูููู ูุฎุงุตู ูู ุญูููุงุช ุงูุนูุงูู ูุงูุงุฎูุงู ูุง ููุจููู ุจุงููุฑููู ููุงุดูุทูโฆ
238,0,ูู ูู ูุฎุชูู ูู ุงูุงูุชูุงูู ูุงุจูุงูู ุงูุงุนูุงููู ููุนุฑูุงุชูู ุงูููููู ูููููู ุจุงูู ุงุฎููุฌู ูุฏุงุนุดู ููุชุจุน ุชูุธูู ุงููุงุนุฏู  ุงูุญูุงููโฆ
239,0,ูู ูู ุญุฑุจ ููุงู ุฎุณุงุฆุฑ ูุงุฏุญู ูู ูู ุญุฑุจ ูุฎูุถูุง ุณูุฌุฏ ุงุถุฑุงุฑ ุฌุงูุจูู ููุฏ ูุถุทุฑ ููููุงู ุจุงููุฑ ุณูุฆู ุถุฏ ุงูุณุงููุชูุง ููููุฒ ููููุฌุฏโฆ
240,1,ุญุฒุจ ุญุณู  ููู ุงูุฏููู ูููู ุงูููุงููู  ูุฑุงุฑ ุงูุณูู ูุงูุญุฑุจ ุจุงูุฏู
241,0,ูู ุงุฑุณู ูุคูุงุกุงูููุฏูุณ ููุชู ุงููุณูููู ููุฑู ุจุฏููู ุนุฑุจูู ูุณููู ูุชุญุงููู ูุน ูุจูู ุงูุงุณูุงู ูุงููุณูููู ุงูุณุนูุฏูู ุงูุนุธูู ูููุง ููโฆ
242,0,ูุฌุฑ ุงูุจูุงุน  ุงูุฎููุณ ูขููกูงูจูขูค ูุฌุงูุฏู ุงูููุงููู ุงูุงุณูุงููู ูุงูุฌูุด ุงูุณูุฑู ูุชุงุจุนูู ุชุถูู ุงูุฎูุงู ุนูู ุฏุงุนุด ูู ุฌุฑูุฏ ุงูููููู ุงูุบุฑุจูโฆ
243,0,ุงูุณูุฏ ุญุณู ุงููุฌูู ุงููุณูุฑ ุงูุงูุชุญุงุฑู ูู ุงูู ุนูู ุนุฏูุงูู ููุฐ  ุงุจ  ููุฐุง ุฎุฑู ูููุงุนุฏ ุงูุงุดุชุจุงู ุงูุชู ุชุงุณุณุช ุจุนุฏ ุญุฑุจ ุชููโฆ
244,1,ุงุณุฑุงุฆูู ุงุณุณุช ูุดู ูุญุฏู ุงููุณูููู ูุณูู ุฏูุงุฆูู ูู ูุดุงูููุง ูู ุงููููุฏ
245,0,ูู ูุงูู ูุฑู ุฏุงุนุด ุงูู ุดู ุงูุจุฑ ูู ุฏุงุนุด ููุนูุง ุงุณุฑุงุฆูู ูู ุงูุดู ุงูุจุฑ ูู ุฏุงุนุด
246,0,ูุจูุงู ูุตุฑ ุงููู ุฏุงุนุด ุจุงุช ุจุนูุฏุง ุนู ูุจูุงู ูุฆุงุช ุงููููููุชุฑุงุช ููุดูุฑ ุงูุฌูุด ุงูุณูุฑู ูุงูููุงุช ุงูุดุนุจูู ูุงูุฑุงู ููู ูู ููู ูุนูุง
247,0,ุงูุณูุฏ ูุตุฑุงููู ุฏุงุนุด ุงูููู ุงุจุนุฏ ูุง ูููู ุงู ุชููู ุนู ุจูุงุฏูุง ูุฌุจูู ุงููุตุฑู ุงูููู ุงุจุนุฏ ูุง ุชููู ุนู ุญุฏูุฏ ูุจูุงู
248,0,ูุตุฑุงููู ุฏุงุนุด ุงูููู ูู ุงุจุนุฏ ูุง ูููู ุนู ุจูุฏูุง ูุงููุตุฑู ูู ุงุจุนุฏ ูุง ุชููู ุนู ูุจูุงู ุจุนุฏ ุงูุฌุงุฒุงุช ุงูุฌูุด ุงูุนุฑุจู ุงูุณูุฑู ููู ูโฆ
249,0,ูุตุฑ ุงููู ุงูุชูุฏูุฏ ุงูุงููุฑูู ูู ุฎูุงู ุฏุงุนุด ูุงูุซุงูู ูุง ุฒุงู ูุงุฆูุง ููู ูููุช ุจูุงูุง ุฏุงุนุด ูู ุณูุฑูุง ูุงูุนุฑุงู ุงูู ุงูุบุงูุณุชุงู ูุงูโฆ
250,1,ูููู ุงูุงุฑูุงุจู ุญุณู ูุตุฑ ุงูุดูุทุงู ุฏุงุนุด ูุงูุช ุญุฌู ูุงุนุงุฏู ุงูููุงุช ุงูุงูุฑูููู ุงูู ุงูุนุฑุงู
251,0,ุงูุฌูุด ุงูุนุฑุจู ุงูุณูุฑู ูุฏูุฑ ุชุญุตููุงุช ูุงุฑูุงุจู ุฌุจูู ุงููุตุฑู ูู ูุนุฑู ุงููุนูุงู ูุนุฏู ูุฑู ุจุฑูู ุงุฏูุจ
252,0,ูู ูุดูุฏ ูู ุงูุฎุทุงุจ ุงูููู ูุซู ูุง ุดูุฏูุง ูู ุญุฑุจ ุชููุฒ  ุงูุธุฑูุง ุงูููุง ุชุญุชุฑู   ุ   ุณููุง ุญุฑุจุง ุจุงูุนูุงู
253,0,ุฎุจุฑูุง ุดู ูุงูุช ุงูุงุณุชุฑุงุชุฌูู ูุญุทูุชุง ููุง ุฏุงุนุด ูุงููุตุฑู ุฎุทูู ููุชูู ููููู ุจุงูุฌูุด ูุงูููู ุงูุงูููู ุงููุจูุงููู โฆ
254,0,ูุงุฏุง ุนูุฏูุง ูู ุงุญุฑุงุฑ ุงูุงูู ๐  ุณููุง ุญุฑุจุง ุจุงูุนูุงู
255,0,ููุด ูู ุงูุญุฑุจ ูุนุจู ูู ุงูุฏููู ูุงูุชู ูุงุชุนุชุจ ุนูููุง  ุชุทูุฑ ููุณูุฏ ุงูุณูุณุชุงูู ูู ูุฐุง ุงุญุชูุงู ูููููุช ููุงู ุงูุนุฑุงู ูุฏูุน ุงูุซูู
256,0,ุญุฑุจ ุงููุนูููุงุช ุงุชุงูุง ุงูุฑุฏ ูู ููุงู ุบูุฑ ูุชููุน ูุงุชุงูู ุฑุฏูุง ูู ููุงู ุบูุฑ ูุชููุน  ูุญู ุงูุฑุงุฏ ููู ุฏููู ูุงูุญุฑุจ ุณุฌุงู
257,0,ุชุฒุงูู ุฐูุฑู ุชุญุฑูุฑ ุงูุฌุฑูุฏ ูุน ุชุญุฑูุฑ ูุฏููู ุฎุงู ุดูุฎูู
258,1,ุงูุฏููู ุงูุณุนูุฏูู  ูุงูุช ูุญูุงุฑู ุงูุฎูุงูู ุงูุงุณูุงููู  ุชุงุฑูุฎู ููุนูููุงุชู ูุฒููู ูุฏูุด ูุฑูู 
259,0,ูุง ูู ุงูุถุบูุท ุงูุงููุฑููู ุงูุชู ุชุนุฑุถ ููุง ุงูุฌูุด ุงููุจูุงูู ูุจู ูุนุฑูู ูุฌุฑ ุงูุฌุฑูุฏ   ุ   ูููู ุฑุฏุช ุงูุฏููู ุงููุจูุงููู ุนูู ูุฐู ุงูุถุบูุท   ุ   โฆ
260,0,ุฑุบู ุฏุนู ูุง ูุณูู ุงูุฏููู ุงูุงุฌุฑุงููู ุฏุงุนุด ุงูุง ุงู ูู ูุดุงุฑูุนูู ุณูุทุช ุชุญุช ุงูุฏุงู ูุฌุงูุฏููุง ูุน ุงูุฌูุด ุงููุจูุงูู ุงูุจโฆ
261,0,ูู ุงูุนุฑุงู ุญุงุฑุจูุง ุงูุฏูุงุนุด ูุชุญุฑูุฑ ุงูุงูุณุงู ููู ุถูููุง ุชุญุฑูุฑ ุงููุฑุงู ููู ููุงุณู ุงูุงุบูุจูู ุงูุนุธูู ูู ุงููุญุฑุฑูู ููุชููโฆ
262,0,ุจุณ ุจุฏูู ุงูุนุงูู ุงูุญูููู ุจุชุฑุฏ ูุง ุจุชููู ูุงุทุฑู ุงูุฏููู ูุฑุงุฑ ูู ุญุฒุจ ูุง ุงูุง ุงุนูุงู ุงูุญุฑุจ ุงู ุงููุฏูู
263,0,ุงูุชุงููุฏ ุนูู ูุงูุญุฏุซ ุจุงูุตูู ูู ุงูุชูุงูุงุช ุถุฏ ุงููุณูููู ูุคุดุฑ ูุคูุฏ ุงุฌูุฏู ุงูุฑูููู ุงุนุทุช ุงูุถูุก ุงูุงุฎุถุฑ ูุนููุงุฆูุงโฆ
264,0,ุดู ุจุทูุน ุจุงูุฏูุง ูู ุงูุฏููู ๐๐ูู ุงูุญุฒุจ ูุด ููุฌูุฏ ููุชู ุดููุชู ุงูุฌูุด ุงูุงุณุฑุงุฆููู ุจููุช ุนูู ุจูุชู ูุจุทูุน ๐๐ููุฏููโฆ
265,0,ุงูุงุฏุงูู ูุง ุชููู ุนูู ุงูุฏููู ุงููุจูุงููู ุงู ุชุฑุฏ ุนูู ุงูุงุนุชุฏุกุงุช ุงููุชูุฑุฑู ููู ููุง ูุฑู ููู ุงูุฏููู ูููุณ ุจุงูููุงู ููุชุธุฑ ุงูุฑุฏ ูู ุงูุฏููู
266,0,ุงููุฏ ุญุฑุจ ุจูู ุงููุงุณุฏูู ููุงููุฌุฏ ุงู ุญุฑุจ ุนูู ุงููุณุงุฏ ุงููููุณ ุชุนูู ูุนูุช ุญุชู ุงููุถุงู
267,0,ุงูุณุนูุฏูู ูู ุงูู ููู ุฏุนูุช ุจุดุงุฑ ูุจุนุฏูุง ุฏุงุนุด ูุงููุตุฑู ูุนุฏุฏุง ูู ูุชุงุฆุจ ุตูุฑูู ูุฌูุด ุงูุงููุงู ูุงููุฏู ูุงุญุฏ ุงุฌูุงุถ ุซูุฑู ุงูุดุนุจ ุงูุณูุฑู
268,0,ุจุณูู  ุงูุฌูุด ุงูุนุฑุจู ุงูุณูุฑู  ููุฒ ุนุฑุด ุงูุจุบุฏุงุฏู ูููุญู ุฏููู ุงูุฎุฑุงูู  ุงุจุทุงูู ูุญูููู ูุตูู ุงูุดููุฏ ุงูุดุบุฑู  ูุงููู ูููุญููุงโฆ
269,0,ุตุญููู ุจุฑูุทุงููู ุญูููุงุช ุนุฑุจูู ูุถูุช ุนูุงูุงุชูุง ุงูุงูุชุตุงุฏูู ุนูู ูุตุฑู ุงููุณูููู ูู ุงูููู ูุดููุฑ  ููุงุจ ุงููููุฏ
270,1,ูู ุชุนูู ุงูู ุทุงุฆุฑุงุช ุงูุฌูุด ุงูุณูุฑู ุชูุตู ุงูุงู  ูุงุญูุงุฑ  โฆ
271,0,ููุงู ููุนูู ูู ุงููุณุงุก ูุฌุจุฑูู ุนูู ุนุดููู  ูุงุณุชุณูุงู ุฌูุด ุงูุงู ุญุฑุจ ูุง  ุงููุฆู ูุณุชุญูู ูููุซู ูู ุงูุบูุงุจ ููุงุจุฏ ูู ุงูุชุธุงุฑโฆ
272,0,ุงู ูุงููู ุงูุฌูุน ูุงูุฑุงูุง ุจุณ ููู ุฌูุนุงู ุญุชู ูู ูู ุนูุง ุถููู ูุงุนุฏูู ุน ุงูุณูุฑู ูุนูุงูุงูู ูุงุฒู ุน ุญุฑุจ๐๐๐๐ป
273,0,ูููุทุจู ุณุนุฏ ุงูุญุฑูุฑู ููุงูู ููุนูู ุงูุงู ุงูุฌููุน ุฏุนู ุงูุฌูุด ูุงููููู ูุนู ูุฑุฏ ููุฑุฏ ุนูู ุงูุงุนุชุฏุงุก ุงูููุงู ูุง ูุญูู ุงุญุฏ ุฌูุด ุดุนุจ ููุงููู
274,0,ุงูุฏููู ูู ุงูุนุฏู ููุดุนุจ ุงููุจูุงูู ุญุฒุจ ุงููู ุญุฑุฑูุง ูู ุงูุงุณุฑุงุฆููู ุจุงูุฌููุจ ููููุง ุงูุฏููู ูุงูุช ุชโฆ
275,0,ูู ูุนุฏ ุจูุณุนูุง ุชุญูู ุงู ุญุฑุจ ุจุงูููุงุจู ูููู ุงููุง ูุงุชููุง ููุงุจู ุนู ุงูุนุฑุจ ุถุฏ ุงูุฑุงู ูู ุญุฑุจ ุตุฏุงู ุงููุนูู ูุชูุฑุทูุง ูู ุบุฒู ุงููโฆ
276,0,ุดุฑุนูู ุงูููุงุฏู  ุงููู ููุจุฑ ุตุงุฑ ููู ุฌูุด ูุงุดุฑุนูู ุงูููุงุฏู  ุชูุชู ุงุจูุงุก ุงูุฌููุจ ุงูุนุฑุจู ุงูุงุญุฑุงุฑ ุงูุงุจุทุงู  ูุฑุจ ุงูููู ุงู ุฌููุจู ููุงุชู ุถุฏ ุงููโฆ
277,0,ูู ฺฏุจุฑ ุงูู ูููุจูุช ุงูุนุฑุจู ูุงูุชู ุดู ูุงุดููู ุบูุฑ ูุฑุทููู ุจุญุฑุจ ุซูู ุณููุงุช ุญุฑุจ ููุงุจู ุนู ุงูุงูู ุงูุนุฑุจูู ูุจุนุฏูู ุญโฆ
278,0,ูู ุชุนูู ูุงุฐุง ูุนูู ุงูุฎูุงูู ุงูุงุณูุงููููุงูุตุฏ ุฏุงุนุด ุงู ูุทุจู ุงููุฑุงู ุงููุฑูู ูู ูู ุดูุก ููุงููู ุชุณุฑู ุนููู ุงูุจูุฏ ุงู ูุงุฎุฐ ูู ุงูุณโฆ
279,0,ุฌูุงูู  ูููููู ุฎูู ุงูุฏููู ููุคุณุณุงุชูุง ูุงุฌูุฒุชูุง ุงูุงูููู ุงูุดุฑุนูู
280,0,ูุด ุจุณ ุนููุงุก ุงููุชุงุฆุจ ุงููุจุฑุงุฆูููู ูู ูุฌุฑูู ุญุฑุจ ููุงุชููู ุงุจุฑูุงุก ูุทุฑุญูู ุงูุณุฌู ูุงูุญูู ุงุนุฏุงู
281,0,ููููู ูุจูุจู ูู ุฑุญ ุชุดูููุง ุจุงูุญุฑุจ ุงูุฌุงูู ุฑุญ ูููู ุงุฏ  ูุฑู ูู ุญุฑุจ ุชููุฒ
282,0,ุงูุฌูุด ุงูุนุฑุงูู ููุคุณุณุงุช ุงูุฏููู ุงูุงุฎุฑู ุนููุงู ุงูุณูุงุฏู ููุง ุณูุงุฏู ุจุฏูู ุฌูุด ูุทูู  ุฌูุดู ููุซููู
283,0,โูููู ุงุจููโ ูุซูุฑ ุงูุดููู ุญูู ุนูุงูู ุงุทุฑุงู ูู ุงูุญูููู ุงูููููู ุจุชูุธูู ุงููุงุนุฏู
284,0,ููุงู ุณูุก ููู  ุงูุญุฑุจ ุงูุงุนูุงููู ุถุฏ ุฏุงุนุด ูุญู  ุงููุฏูููู ูู ุฎุงุถูุง ููู ูุณุจูุง  ุจุงูุชุฒุงูู ูุน ุดุจุงุจูุง ุงูููุงุชููู ูู ูู ุงูููุงุตู ุจโฆ
285,0,ูุนูุด ุงุญุฑุงุฑ ููููุช ุงุณูุงุฏ ูุงุญุฑุงุฑ ูููุงุช ููุง ุงูุฐูู
286,0,ูุนูุด ุงุญุฑุงุฑ ููููุช ุงุณูุงุฏ ูุงุญุฑุงุฑ ููููุงุช ููุง ุงูุฐูู
287,0,ุงููุฑุฌุน ูู ูุทูุจ ูู ุงููุณูููู ุงูุฌูุงุฏ ููุนูู ุงูุญุฑุจ ููู ุดุงูู ูุงู ุงููุงุณ  ูุฏุฑู ุจููุง ุดุงุจุนู ุฎุจุฒ ูุง   ุ   ููุฏููู ูุนุฑู ูุนุงโฆ
288,1,ููุณ ุงูููู ุชุญุฑูุฑ ุงููุฑุงู ุงููุบุชุตุจู ูู ุณูุฑูุง  ุจู ุงูุงูู ูู ุชุญุฑูุฑ ุงููุฑุงู ุงูุนุฑุจูู ูู ุงูููุงุจ ูุงูุญุฌุงุจ
289,0,ูู ููู ุนุฑูู ูููู  ุงูููู ุงุญูุธ ุงูุณุนูุฏูู ูุจูุงุฏ ุงููุณูููู  ูุงูุตุฑ ุงูุฌูุด ุงูุณุนูุฏู ุนูู ุฌููุน ุงูุงุฑูุงุจูู  ูุฎูุตูุง ูุงุฑุจ ูู ุงูุฑุงู ุนุงุฌโฆ
290,0,ูุณุง ูู ููุงุฌุงุช ูุชูุฑ ุจุฏุง ุชุตูุฑ ููู ุนุงูููู ุนูููุง ุญุฑุจ ููุณูู ูููุฏู ุงุตุนุจ ูู ุงูุญุฑุจูู ูุงููู ูุณุชุฑ ุตุจุงุญู
291,1,ูุดุฌุงุจ ุงูู ุงูุณูู ูุงูุฌูุงุนู ุน ุงููุงุนุฏู ูุงูููุงุจูู ูุฏุงุนุด ูู ููู ูุฑูู ููุฒูููู ุจุฐููู ุงูุฎูุงุฑุฌ
292,0,ุฌูุด ุดุนุจ ุญุฒุจ ุงููู ูุงูุฌูุด ุงูุนุฑุจู ุงูุณูุฑู  ูุฌุฑ ุงูุจูุงุน
293,0,ุจูุงุฐุง ุงูุชู ุงููุฑ ุฏุงุนุด ูู ุงูุฑูู ูุงููุฑ ุงูุชูุธูู ูู ุงูููููู ุฎูุงู ุญุตุงุฑู ูู ูุนุฑูู ุชุญุฑูุฑ ุงูุฌุฑูุฏ   ุ   ุงูุชุตุงุฑ ุงููุญุฏู  ูู ุฐูุฑโฆ
294,0,ุดูุฎ ุงูุงุฒูุฑ ูู ูุนูู ููุงุก ุฑุจูุง ุตูู ุจุฑุชุจู ูุฎุจุฑ  ููู ูุงูุถุนูู ููุฏูู ุงุนุชุจุงุฑ ูู ูุนูููู ููุงุก ุนูุฏูู ุงูููุงุก ุงูุจุฑ ูู ูุฏู
295,0,ูุงูู ุงููุงุฆุฏู ุจุงุณุชุจุฏุงู ุจุดุงุฑ ุจุงูุฌููุงูู   ุ    ุ   ุงูุฌููุงูู ุนุตุง ุจุดุงุฑ ูุถุทุฑ ุจูุง ุงููุงุณ ููุนูุฏู ูุจูุช ุงูุทุงุนู
296,0,๐  ูุชุงุฆุจ ุงููุณุงู ุชุณุชููู ุนูู ุทุงุฆุฑู ุงุณุชุทูุงุน ุตูููููู ุดุฑู ุงูุดุฌุงุนูู  ๐  ูุชุงุฆุจ ุงููุณุงู ูุณุฑุงูุง ุงููุฏุณ ุชโฆ
297,0,๐  ูุชุงุฆุจ ุงููุณุงู ุชูุตู ูุงุญู ุนูุฒ ุจุนุฏุฏ ูู ูุฐุงุฆู ุงููุงูู ุจุนุฏ ุฑุตุฏ ุฑุฆูุณ ุงุฑูุงู ุงูุงุญุชูุงู ููุงุฆุฏ ุงูููุงุก ุงูุดูุงูู  ููโฆ
298,0,ูุฌุจ ุงู ูุนูุฏ ุญุฒุจ ุงููู ุงูู ุงูุฏุงุฎู ูุงูู ุงูุฏููู ุงููุจูุงููู ููุณูู ุณูุงุญู ููุถุน ูุฏู ุนูู ูุฑุงุฑ ุงูุญุฑุจ ูุงูุณูู ูุฑููุถ ููููุงุฑุณ ุงูุญูุงูโฆ
299,0,ุงูุง ุชุณุชุญูู ูู ุงููู ูู ูุตุงุฆุจ ุงูุนุฑุจ ูุงููุณูููู ูู ุงูุณุนูุฏูู ูุงูุงูุงุฑุงุช ุงูููุชู ุงููุงููู ุนูู ูุชู ุงููุณูููู ููโฆ
300,0,ูุง ููุง ูุชููุน ุงู ุงูุดุฑุนูู ุชุชุญุฑู ุจูุฐู ุงูููู ูุจูุฐู ุงูุณุฑุนู ุถุฏ ุงูุฌููุจ ุจูููุง ุฌุจูู ููู ูุงุฆูู ูฅ ุณููู ููุท ููููู ุงูุงุนุฑุงุณ ูุงููุณุฑุญูุงุช ูุงูุญโฆ
301,0,ูู ูุง ุฎูู ุจู ุณูุฑูุง ุณุฑูููุง ูููุจููุง ูุฏูุฑููุง ูุจููู ุชุญุฑูุฑ ุญูุจ ูุงูุฑูู ูุงุฏูุจ ููุง ุนููู ุนูู ูู ุงูุชุญุฑูุฑ ูุง ุฎููโฆ
302,0,ููู ุงูู ูุณุฑู ูู ููุงุฑุฏ ุงูุฏููู ูุงูู ุงูุจุงุน ูุงููุณุงุฏ ุงูู ูุฎุฑ ุฎุฒููู ุงูุฏููู ููุซูุฑ ุจุฏูู ูุง ููุนุฏ ูุญุตููุง ูุงุถ ุนุงุฏู ููุง ุจุชโฆ
303,0,๐ดูุงุฆุฏ ุงูุญุฑุณ ุงูุซูุฑู ุงูููุงุก ุณูุงูู ูุญู ุงูููู ุงููู ูู ุงู ุฒูู ูุถู ููุฏููุง ุงููุฏุฑู ุงููุงููู ููุญูุงุธ ุนูู ูุตุงูุญูุง  ๐ดุงูููุงุก ุณูุงูู ุชุฎุทููุง ุตโฆ
304,0,๐ดุงูููุงุก ุณูุงูู ุงูู ุงูุฎููุฌ ููุณูู ุจูุฏ ูุธุงู ุงูุฌูููุฑูู ุงูุงุณูุงููู ููู ูุณุชุทูุน ุงูุงุนุฏุงุก ุงู ูุฎุฏุดูุง ุงูู ุงูููุทูู  ๐ดุงูููุงุก ุณูุงูู ุงูููู ุงููโฆ
305,0,ุฐุฑูุนู ุงูุชุฏุฎู ุงูุนุณูุฑู ุงูุฑูุณู ูู ุณูุฑูู ูู ูุญุงุฑุจู ุงูุงุฑูุงุจ  ูู ูุดูุฏ ุชุญูุฏ ุงู ูุฌููุนู ุงู ููุงุฏู ูู ุฏุงุนุด ุงู ุงููุตุฑู ูุชูุฌู ูุตู ุงูุทโฆ
306,0,ุงูุญุฑุจ ุณุฌุงู  ุญุฑุจูุง ูุน ุฑูุณูุง ูุงุฐูุงุจูุง ููุณุช ูุนุฑูู ุงูููู ูุงูุบุฏ ููุง ูุนุฑูู ุณููุท ููุทู ุงู ุงุณุชุนุงุฏุชูุง  ุญุฑุจูุง ูุนูู ุญุฑุจ ุทูููู ุงูุงูุฏ ููุง ุชูโฆ
307,1,ุงููุง ูุฐุง ูุงุฌุจ ุงูุฌูุด ูุง ูุฑุงุฏูู ุนููู ุซุงููุง ูุญุฏ ููุช ุนุงูุชุญุฑูุฑ ุจูุฏ ูุง ุฌูุง ููุชูููู ููููุจูู ูุงูุง ุดูู ูุนูู ุงููุฑููุฏ ูุชูุฌูุฑ ุงโฆ
308,0,ุงูุชูู ุงูุฑุฆูุณ ุนูู ุตุจูุญู ููู ุญุฑุจ ุงูุฌุฑูุฏ ูู ุงููขููกูง ุงูู ูุฒุงุฑู ุงูุฏูุงุน  ุทูุจ ุงูุชุฑูุซ ุจุงููุฌูู ุนูู ุฏุงุนุด ุฑุบู ุฌููุฒูู ุงูุฌูุด ุนูู ุญุณู ุงููโฆ
309,0,ุงููุฌููุนุงุช ุงูุบูุฑ ูุฑุบูุจ ูููุง ูู ููุณุช ุฌูุงุนู ุงูุฌููุงูู  ูุงู ุงูุฌููุงูู ูู ุงููููู ุงููุนุชูุฏ ููู ุงูุนููุฏ ุงูููุฑู ูโฆ
310,0,ูู ูู ุญุฑุจ ุงูุชุฑ ูู ุญุฑุจ ูุงููู ุจุฏู ุชุฎูุต ุงูุญุฑุจ ุบูุฑู ุตูุฑู ุจุฑููุงููู
311,0,ูุง ุงุณุชุทูุน ุงุณุชุณุงุบู ุงุฐูุงุก ุงููุณูููู ุนูู ุงูููุงุฑูุฐุง ููุฏ ูุงู ุงููู ุนูุงุนุฒู ุนูู ุงููุงูุฑููุซู ูุงุชู ูุงูุฒ ุงููุงูุฑ ูุจุฑุฑ ูููุฐโฆ
312,0,ุงุซุจุชุช ุงูุชุฌุงุฑุจ ุงููุนุงุตุฑู ุงู ุงูุงุฎูุงู ุงููุณูููู ูู ุงูุซุฑ ูุฆู ุชุชุงูุฑ ุนูู ุงูุงูุทุงู ูุญุชู ูุงู ุญููุช ูุงููุง ุชููู ุงูู ุงูููุณุญุจูู ูุงููุชุฎโฆ
313,0,ูู ุชุนูู ูุงุฐุง ูุนูู ุงูุฎูุงูู ุงูุงุณูุงููููุงูุตุฏ ุฏุงุนุด ุงู ูุทุจู ุงููุฑุงู ุงููุฑูู ูู ูู ุดูุก ููุงููู ุชุณุฑู ุนููู ุงูุจูุฏ ุงู ูุงุฎุฐ ูโฆ
314,0,ุจูุง ุฒุญูู ูุตูุญู ุงููุณูููู ูุงูุฌูุงุฏ ุงูู ุฑุญ ูุตูุฑ ุจูุงู ุงููุตูุญู ุจุงู ุจูุฏ ูุงู ููุงู   ุ   ุงููุฑุฌุน ูุงุนุฏ ุจโฆ
315,0,ุจุณ ุชุนุฑู ูู ุงุณุชุฎุจุฑุงุชู ุงูู ุงูุนุฏู ุงูุจ ูขูู ุทุงุฆุฑู ุญุฑุจูู ุนูู ุงููุฏุฑุฌ ููู ุชุดู ุงูู ูู ุญุฑุจ ููู ุฑุฏ ุณูุฑู
316,0,ูุงููู ุงูุง ููู ุนููุฏ ุงู ููุงุก ุจุงูุฌูุด ุงูุณูุฑู ูุงุนุฑู ุงุฐุง ุญูุตูุฑ ุงูุฑุฏ ุจุณ ูุจุนุฑููุง ุงูู ูุน ุณูุฑูุง ุฑุฏุช ุงูููู ุงู ุจุนุฏ ุนุดุฑ ุณููู ูโฆ
317,0,ุชุญูู ูุฌูุดูุง ุงูุจุทู ุงูุฐู ููุงุชู ุนูู ุงูุซุฑ ูู ุฌุจูู  ูุง ูุญููู ูุฐุง ุงูุฌูุด ูู ุงุนุฌุงุฒ ูููุณ ูุฌุฑุฏ ุงูุฌุงุฒ
318,0,ุงููุชุญุฏุซ ุจุงุณู ุฌูุด ุงูุนุฏู ุงูุงุณุฑุงุฆููู  ุงุบุงุฑุช ููุงุชูุงุช ุงูุฌูุด ุงูุงุณุฑุงุฆููู ูุจู ูููู ุนูู ุนุฏุฏ ูู ุงูุงูุฏุงู ูู ูุฑูู ุนูุฑุจุง ุฌโฆ
319,0,ุงุณุชุงุฐ ุงุจู ูุฒู ูู ููู ุฏุงุนุด ูุงูุช ูู ุจูุฌู ุงูุง ุงูุดุฑูุงุท ูุงูุช ุฏุงุนุด ูููุณุฑู ููุฒููู ููุฏุช ุงูุงู ูู ุนูุงุตุฑูุง ูู ุจูุฌู ูุงูุณุญุจูุง ุงูู ุงูููุตู
320,0,ุนุงุฌู ุฌูุด ุงูุงุญุชูุงู ุงุบุงุฑุช ููุงุชูุงุช ุงูุฌูุด ุงูุงุณุฑุงุฆููู ูุจู ูููู ุนูู ุนุฏู ุงูุฏุงู ูู ูุฑูู ุนูุฑุจุง ุฌููุจ ุดุฑู ุฏูุดู ูุงุญุจุงุท ุนูููู ุฎุทุท ูุชโฆ
321,0,ุงูุฌูุด ุงูุงุณุฑุงุฆููู  ุชูุงุตู ููุงุช ุฌูุด ุงูุฏูุงุน ุจุชุนุงูู ูุน ุงูุดุฑุทู ูุฌูุงุฒ ุงูุงูู ุงูุนุงู ููุงุญูู ุงููุฎุฑุจูู ูุฑุชูุจู ุงูุงุนุชุฏุงุก ุงูุชุฎุฑูโฆ
322,0,ุชุชูุฏู ุดุจูู ุงูุตูุง ูู ุญุฌุงุฌ ุงููุณูููู ุนุงูู ููู ุงูุญุงุฌู ุจุณูุงูู ุนูุฏุชูู ูู ุงุฏุงุก ููุงุณู ุงูุญุฌ ุณุงูโฆ
323,0,ูุงุจู ูุงุญุฑุจ ูู ููููู ูุดุจุงุจูู ุฎูุตุช ุฌูุงุนู ุฌุงูู ูุจู ููุฎุฎุงุช ููุณู ุญุฑุจ ุดูุงุฑุน ูููุจ ุชุฑุฏูููู ุญุฑุจ ุนุงูููู
324,0,ูุน ูู ุชุญุฑูุฑ ููุน ูู ุชูุฏู ููุฌูุด ูุธูุฑ ุงูุนุฏู ููุนุจุฑ ุนู ุบูุธู ุจุงุณููุจู ุงูุฑุฎูุต ุงูุบุงุฏุฑ ูุฐุง ูุง ุงุนุชุฏูุงู ุนูุฏ ูู ูุฒููู ููุงุฏูุงุชโฆ
325,0,ุงููููู ุงูุดุฑุนู ูุฌุชูุน ุจุงููุคูููู  ุงููุฑูุฒ ุงูุงุนูุงูู  ุงุนูุงู ูุฏููู ุงูุตุฏุฑ  ุงุฌุชูุน ุงููููู ุงูุดุฑุนู ููุณูุฏ ุงูุตุฑุฎู ุงูุญุณูู ุฏุงู ุธูู ูู ูุฏูููโฆ
326,0,ุฑุฏุง ุนูู ุญุฑู ูุฑูุจู ุฏุฑู ูุตุฏุฑ ุงููู  ููุจู ุงูุฏููู ุนูู ุงูุฌููุน ููุง ููุฑ ูู ุณูุงุฏู ุงูุฏููู  ุนุงุฌู ุงุฎุจุงุฑ ุญูุงู ุงูุฑูุซุง
327,0,ูู ุฌูู ุงูุฐู ุณุจููุง ูุงูุช ููุฌูุฏู ูุง ูุณูู ุงููุงุนุฏู ุงุนุทู ุฏุฑุณุง ููุฌูููุง ููู ูุง ุงุญุฏ ุงูุชูู ูุฐุง ุงูุฏุฑุณ ูุจุนุฏูุง ูุฑุฑุชู ุฏุงุนุดโฆ
328,0,ูู ูู ุงูุงุฑูุงุจููู ููู ูุธุฑู ุงุฑุฏูุบุงู ุงูุฐูู ูุตูุชูู ุงููุฑูุญูุงุช ุฌุจูู ุงููุตุฑู ุฐุฑุงุน ุชุฑููุง ููู ุงููโฆ
329,0,ูุตูู โูุบุงููุฑ ุงูุซูุฑูโ ูุณูููู ุนุดุฑุงุช ุงูุนูุงุตุฑ ูู ุฏุงุนุด ููุชุญุงูู ุงูุฏููู
330,0,ุงูู ุจุฒูุบ ูุฌุฑ ุงูุญุฑูู ูุฌุฑูุฏ ูู ุฏุงุนุด ูุงููุตุฑู ููู ุนุงูููู ูู ูุจูุงููู ููุฆ ุงูุญูุฏ ูููุจูู ูุงุบุจูุงุก ููู ุงูููุงููู ูุงูุฌูุด ูููุชู ูุซูโฆ
331,0,ููููู ุงูููุฑู ุงูู ูููููู ุณุงุนุฏููู ููููุง ููุงูู ุจุญุฑุจูู ุถุฏ ุฏุงุนุด ุนูุณุงุณ ุฎู ูุดูููู ุงูุฐููู ุฏููุชูู ุดุฏุณูู
332,0,ุงูุฌูุดย ุงูุญุฑ ูุงูุฌูุด ุงูุชุฑูู  ุงุฎูู ุงุฎุชูุทุช ุงูุฏูุงุก ูุนุง  ูุงุชููุง ุฏุงุนุด ุงูุงุฑูุงุจ ุงููุชุทุฑูู  ูููุง ูุน ุงูุฌูุด ุงูุชุฑูู ูู ุฎูุฏู ูุงุญุฏ  ุจุงุฐู ููู ุณโฆ
333,0,ุงููุฌุงูุฏูู ููุทูู ุงุนุฑุงุถูู ููุชุญูู ุจููุชูู ูุถุงูุงุช ูุตุฑููู ุนูู ุงูุดูุดุงูู ูุบูุฑู ูุฐุง ุฌูุงุฏ ุงูุฒูู ุงูุงุฌูุงุฏุฌ ูููโฆ
334,0,ุจูุงุฐุง ุชุฐูุฑูู ูุฐู ุงูุฐุฑูุนู ุงูุชู ุงุนุชูู ุจูุง   ุ   ูู ูู ุงูููู ูู ููุจู ุงูุฏููู ุงู ุงูุงูู ุนุฒููู ุงูุฏููู ุงูุชู ูุงู ููุฌููุง ูุธุงู ุงูุงุณุฏโฆ
335,0,ูู ุงููุงุก ุงููุจุถ ุนูู ุนุจุฏุงููุทูู ุงูุฌุจูุฑู ูุฑุงูู ุงูุจุบุฏุงุฏู ุฒุนูู ุฏุงุนุด ุบุฑุจ ุญูุจ ุณูุคุซุฑ ุนูู ูุฌูุฏ ุฎูุงูุง ุฏุงุนุด ุจุงุฏูุจ ูุฑูู ุญูุจ   ุ   ููุชโฆ
336,0,ุงุตุงุจู ุงูุงููู ูู ุฌุจูู ุงููุตุฑู ุงููู ุงูุดุฑุจุงุฑ ูู ูุฏููู ูุนุฑู ุงููุนูุงู ุฌููุจ ุงุฏูุจ ุงุซูุงุก ูุญุงููุชู ุงุนุชูุงู ุดุฎุต ูู ุงููุฏููู
337,0,ููุฆู ุชุญุฑูุฑ ุงูุดุงู ุชูุฐุจ ุจุดุงู ุงุนุชูุงู ูุฑุงูู ุงูุจุบุฏุงุฏู  ููุชููุจ
338,0,ุงุนูู ูููู ุตูุง ูู ุตูู ุงููขููกูฉ ุนู ูุดุงุฑูู ุงูุณูุฏ ุญุณู ูุตุฑุงููู ููุฏุงููุง ูู ูุนุฑูู ุญุฑุจ ุงูุฌุฑูุฏ ุถุฏ ุฏุงุนุด ูู ุตูู ุงููขููกูง  ููุงุฐุง ุชุงุฎุฑ ุณููโฆ
339,0,ุงูุญุฒู ูุง ูุณุชูุฑ  ุชูุฑุฑุช ูุฐู ุงููุงุนุฏู ูุฑุงุฑุง  ููุท ุงุฎุดู ูู ูู ูุฑู ุงู ููุณุฑ ุงูุญุฒู ุงููุงุนุฏู ููุณุชูุฑ ููุงุจุฏ ุจุงุนุชุจุงุฑ ุงู ููู ูุงุนโฆ
340,0,ููู ุฎุฑุฌ ูุณูุญู ุฏุงุนุด ูุงููุตุฑู ูู ููุทูู ุงูููููู ุจุนุฏ ูุฒููุชูู   ุ   ูููู ุงููุดู ูุฐุจูู   ุ   ุชุงุจุนููุง ุจุนุฏ ูููู ููุนุฑูู ุงูุชูุงุตูู  ุงูโฆ
341,0,ููุฐุง ุชูุช ุนูููู ุชุจุงุฏู ุงุณุฑู ุงูููุงููู ุจุงููุณูุญูู ูุนุงุฆูุงุชูู ูุน  ุฌุจูู ุงููุตุฑู  ุงูุชุตุงุฑ ุงููุญุฏู  ูู ุฐูุฑู ุงูุชุญุฑูุฑ ุงูุซุงููโฆ
342,0,ูู ูุชุฑู ุญุฑุจ ุจูุบุงุฒู ูุงูุช ููู ููุจุง ุฌุฑุงุฆู ูุงูููุงุช ุงููู ุบุฑูุจ ููุงู ุชุจุฑูุฑ ุงูุงูููุงุช ุงูุงููู ุงุญูุง ูู ูุชุฑู ุญุฑุจ ุงูุญูุฏููู ุงูููู ุงูุนุงุตููโฆ
343,0,ุญุฑุจ ููุณูู  ุจุงุช ูุงุถุญุง ููู ูู ูุนูู ุงู ุงูุฑูุณ ูุงููุงูุธุงู ูููููู ุจุงูุญุฑุจ ุงูููุณูู ุนุจุฑ ุฌูุดูู ุงูุงูููุฑููู  ูููุงุณู ุงุนูุงููุง ุงูุซูุฑู ูโฆ
344,1,ุงูุฌูุด ุงูุญุฑุงูุถู ูู ุงูุฌูุด ุงููุตูุฑู ูุงุชุจุงุนู
345,0,ูู ุงุณุชููุณูุง ุฏุงุนุด ูุงูู ูุญุฑุจ ุจุนุฏ ููู ุงูููุจูู ุจุนุฏ ูุฑุฑูุง ุงูุงูุชูุงุช ููุทุงุฆููู
346,0,ุงูู ูุงูุช ูุทููุชู ูุฏูุงุนู ุนู ุงูุนุฑุงููุงุช ุนูุฏูุง ูุงู ุชูุธูู ุฏุงุนุด ุงูุฐู ููุชู ุชุณูููู ุงูุชู ุจุซูุงุฑ ุงูุนุดุงุฆุฑ ุจูุชูโฆ
347,0,ูุงูุฑุช ุงุนูู ุงูุฌุจูุงุก  ููุนู ุงููู ุฏุงุนุด ูุงููุงุนุฏู ูุงููุตุฑู ูุงูููุงุจูู ูุงูุงุฎูุงูุฌูู ููู ุงููุชุทุฑููู ููู ุงู ุฏูู
348,0,ูุฐุง ูุง ูุงู ุจู ุงูุณูุฏ ูุตุฑุงููู ูุจู ูุนุฑูู ุงูุฌุฑูุฏ  ุฌุงู ุนูู ุงูููุงูุน ุงูุนุณูุฑูู ููููุงููู ุดุงูุฏ ุจุนูููู ููุงูุน ุฌุจูู ุงููุตุฑู ูุฏุงุนุด ููโฆ
349,0,ููู ุจูู ุนุงูู ููุธุฑ ุงูู ุชุฑููุง ุงููุง ุงููููุฐู ูุงููุฎูุต ุงููุญูุฏ ููุซูุฑู ูุงูุซูุงุฑ  ุงุฎุจุฑูุง ูู ุตุฑุญ ููุฏูุงุน ุนู ุฌูุดู ูู ููุจูุง ุจุงู ุฌูุดู ูุญโฆ
350,0,ูุฌุจ ุงู ุชุดูู ูุดุงูู ุงูุฑุณุงูู ุงูุงุณูุงููู ุญุถูุฑูุง ุนูู ุฎุทู ุงูุชูููู ูุงูุชุญุฑูุฑ  ุงููุงุฆุฏ ุงูุนุงู ุงูุฑุฆูุณ ูุจูู ุจุฑู  ูุดุงุนู ุงููุฏู
351,0,ุฌูุฏู ูู ุฌูุด ุงูุงุญุชูุงู ูุฎุชุทู ุทููุง ุฎูุงู ููุน ุงููุณูุฑู ุงูุงุณุจูุนูู ุงูููุงูุถู ููุงุณุชูุทุงู ูู ูุฑูู ููุฑ ูุฏูู ูุถุงุก ููููููู
352,0,ูุฌู ุงูุงุญุฒุงุจ ูุงูุชูุงุฑุงุช ุงูุงุณูุงููู  ุจูุง ูููุง ุงูุงุฎูุงู ุงููุณูููู  ุจุงููุทู ุงูุนุฑุจู ูุงูุงุณูุงูู ุธูุชโฆ
353,0,ุงููู ููู ููุงุฌููู ุงูุงุฎูุงู ุงููุณูููู ูููุงุฏุงุชูู ููู ูุญูููู ุญุชู ูุฌุงุญ ุงูุงูููุงุจ ุงู ุงุฑุฏูุบุงู ุจุนุฏ ุนุดุฑ ุณููุงุช ุญูู ูุชูููู ูู ูุณุชุทโฆ
354,0,ุงูุงุนุชุฑุงู ุจุงูุฎุทุง ูุถููู  ุงููุงุถู ูุถู  ูุงูุญุงุถุฑ ูุซุจุช ุงู ุงููุชุงุฆุจ ูู ุงูุซุฑ ุงูุญุฑูุตูู ุนูู ุจูุงุก ุงูุฏููู ููุคุณุณุงุชูุงโฆ
355,0,ุงููุดูุฏ ูู ุงูุดูุงู ุงูุงู  ุจุนุฏ ุงู ูุต ุงุชูุงู ุณูุชุดู ุณุงุจูุง ุนูู ุงูุงูู ููุทูู ุนุงุฒูู ูุญู ุชูุธูู ุฌุจูู ุงููุตุฑู ูุญู ูุง ูุณูู ุญูููู ุงูุงูโฆ
356,0,ููู ูููู ูููุฑุก ุงู ูุฐุจุญ ูุฑุชูู   ุ   ๐ฅ  ุงูุงุฎูุงู ุงููุณูููู ุฐุจุญูุง ุนุดุฑุงุช ุงููุฑุงุชููุง ุฒุงู ุงูุฐุจุญ ูุณุชูุฑุง  ููุชู ุงูุฎูุงุต ูุชู ุงูุฎูุงโฆ
357,0,ุงูุงุฎูุงู ุงููุณูููู  ููุง ุงูุงุฎูุงู ุงููุณูููู ุงูุง ุฌูุงุนู ูู ุงููุณูููู ุชุฑุจูุง ุนูู ุงูุงุตูุงุญ ูุนูู ูููุฌ ุงููู ูุณูู ุฑุณููู ุงููุฑูู  ูโฆ
358,0,ุงุณูุน ูุงุจู ุงูุจูุงูู ุนูู ุฑูุจุชููุง ูุง ุงูุช ููุง ููููู ููุงุจู ููุฏุฑ ูููู ุจูุฌู ุฌูุฏ ุงูุดูุนู ุนูุฏูุง ูุนุฒููู ุนูู ุดู ููุงูโฆ
359,0,ุงูุงุฎูุงู ุงููุณูููู  ูู ููุณู ุฌุฑุงุฆู ุงูุนุณูุฑ  ุณุฆู ุงููุฑ ูุทุฑ ุนู  ุงูุงุฎูุงู ุงููุณูููู ูุงู  ูุตูู ุงุณูุงูู ุงูุชุฎุจู ุงูุดุนุจ ู ูุตุฑ ูุงูููุจ ุนูโฆ
360,0,ูู ูุงุชุชุฒูู ูู ูุดููู ุงู ูุดู ููู ุงูุช ุจุณ ุงูุงุฎูุงู ุงููุณูููู ูุงููุงุณ ูุชูุชูุน  ุงูุญู ุณุงูู ุงูู ๐๐  ุงุทูู ุงูุช ูุด ููุงุญุฏู
361,0,ุงูุงุฎูุงู ุงููุณูููู  ูู ููุณู ุฌุฑุงุฆู ุงูุนุณูุฑ  ุณุฆู ุงููุฑ ูุทุฑ ุนู  ุงูุงุฎูุงู ุงููุณูููู ูุงู  ูุตูู ุงุณูุงูู ุงูุชุฎุจู ุงูุดุนุจ ู ูุตุฑ ูุงูููุจโฆ
362,0,ุงู ููุงุฎูุงู ุตุฑุญ ูู ูุง ููู ุญุณู ูุง ุชุณุงููู ูู ุจูุงู ุงูู ุงูุจูุง ุญุณู  ุงูุงุฎูุงู ุงููุณูููู
363,0,ุงูุงุฎูุงู ุงููุณูููู  ุงูุงุฎูุงู ูู ุงูุณุฌูู  ููู ููู ูุงุณูุณู  ุฑุจูุง ุงูููุชูู
364,0,ุงูุงุฎูุงู ุงููุณูููู  ูู ุฏุนูู ุณูููู ๐ูุทุฑููู ุณููู  ๐ธ ูุญูููู ุตูููู  ูุงุฌูุงุนู ุงูุงุฎูุงู ๐  ุงููู ุจุงุฑฺฏ ุฏุนูุชู  ูุฑุถุงู ุฏููโฆ
365,0,ุงูุงุฎูุงู ุงููุณูููู  ููุง ุงูุงุฎูุงู ุงููุณูููู ุงูุง ุฌูุงุนู ูู ุงููุณูููู ุชุฑุจูุง ุนูู ุงูุงุตูุงุญ ูุนูู ูููุฌ ุงููู ูุณูู ุฑุณููู ุงููุฑูโฆ
366,0,ููู ูููู ูููุฑุก ุงู ูุฐุจุญ ูุฑุชูู   ุ   ๐ฅ  ุงูุงุฎูุงู ุงููุณูููู ุฐุจุญูุง ุนุดุฑุงุช ุงููุฑุงุชููุง ุฒุงู ุงูุฐุจุญ ูุณุชูุฑุง  ููุชู ุงูุฎูุงุต ูุชู ุงูโฆ
367,0,ุงููู ููู ููุงุฌููู ุงูุงุฎูุงู ุงููุณูููู ูููุงุฏุงุชูู ููู ูุญูููู ุญุชู ูุฌุงุญ ุงูุงูููุงุจ ุงู ุงุฑุฏูุบุงู ุจุนุฏ ุนุดุฑ ุณููุงุช ุญูู ูุชูููู ูู ูโฆ
368,0,ูู ูุงุฏ ุญุฑุงูู ุงุฌุง ููุณุฑู ูุง ูุดู ุญุงูู ุตุงุฑ ุจุฏู ูุญูู ุน ุงูุฌููุงูู ูุงููุตุฑู ููุดุงู ูุฌู ุดู ูุงุญุฏ ูู ุงูุงูุงุฑุงุช ูููู ููโฆ
369,0,ูุง ุจุญููู ุชุญูู ููุง ูููู ุดููู ูุงุญุฏ ุฏุฑุฒู ูุงุช ูุฏุงุก ููุซูุฑู ูุจุนุฏูุง ุชุนุง ุงุญูู ุน ุฌูุงุนู ุงูุฌููุงูู  ุดู ูุฑู ููโฆ
370,0,ุงุจู ุงูุจุฑุงุก ุงูุจูุถุงูู ููุงุฏู ูู ุชูุธูู ุงููุงุนุฏู ููุงุชู ุงูู ุฌุงูุจ ูููุดุงุช ุงูุงุฎูุงู ูู ุดุจูู ุนุชู  ุงุชุญุฏู ุงููุงุนุฏู ูุงูุงุฎูุงู ูุงูุญูุซูโฆ
371,0,ุงูุญุงุฆุฑู ูุฌุงููุง ููุงูุฑุงู ูุงูุง ุดูู ุชุฐูุฑ ูุณู ุงูุงูุฑููุงู ุทููู ุงุญุชูุงู ุฏุงุนุด ุทูุฑุงุชูู ููู ุฑุงุณูุง ูุญุชู ุชุนุชุจุฑ ูุชูู ููุฌูุงุฏ ููููู ูููู ุงูุฑุงู ููู
372,0,ูุง ูุญุตู ูู ุงุฏูุจ ูุงููุงุณ ุจููุฒุงู ุซูุฑู ุงู ูุธุงู ูู ุตุงูุญ ูู ููุงุทู ุณูุฑู ูุฑูุฏ ุงู ุชูุชูู ุงูุญุฑุจ ูู ุณูุฑูุง ููู ุฐุฑุงุฆุน ุงูุชู ุงูุฌุฏุชโฆ
373,0,ุญุงููุง ุชุฌุฑู ููุงูุถุงุช ุชุฑููู ุฑูุณูู ูุนูุฏ ุงุชูุงู ุฌุฏูุฏ ุจูุงูุน ุฌุฏูุฏ  ููุงุญุธู  ูุงูู ูุชู ุงููุงุก ุชูุธูู ุฌุจูู ุงููุตุฑู ููุง ููุฌุฏ ุถูุงูู ูโฆ
374,0,ุญูู ูุงุชู ุงูุชู ุนู ุชูุงุชูู ูุน ุญูู ุงููุงุชู ุงูููุงุฑ  ููุด ูู ุนูู ุงุณุงุณ ุงูู ุฌูุด ูุญูุฏู ุฌูุด ุงุณูุงูู  ูู  ุนูู ูู ุญุงู ูููโฆ
375,0,ููู ูุงุจู ุจูุฑ ุงููุชุงูู ุงูุจุบุฏุงุฏู  ุงูุด ุงููุงุฆุฏู ูู ูุฐุงูุฑู ุงูุญูุงูุงุช   ุ   ููุงู ุงูุญูุงูุงุช ุฌูุฏ ูู ุฌููุฏ ุงููู ูููู ุจูุง ุงุจุฏุงู ุงููุฑูโฆ
376,0,ูุง ูุนูู ุงู ูุชุฎูู ุงุญุฏ ูุจุงุฑ ูุงุฏู ุฌูุงุนู ุงูุงุฎูุงู ุงููุณูููู ุนู ุงููุนุชูููู ูู ุงูุดุจุงุจ ูู ุงุญุฏู ุงูุฏูู ุจุฑูุถ ุฑุณุงูุชูู ุงูุชู ุชุทุงูุจโฆ
377,0,ูููููู ุงูุณูุฌุฑู ุธุงูู ููุณูุง ุซูุฑู ูุงูุชูู ูุฏููุง ูู ุชุญุฑูุฑ ุณูุฑูุง ุงูู ูุชุงู ุงูุฌููุงูู ูุงููู ุจูุนุฑู ุดู ุงูุนุงู ุงูุฏุฑุน ูุงูุบุตู  ุญุดโฆ
378,0,ุงูุชูุง ุดูู ูุชุณูููู ุนูู ุฌุณู ุงูุซูุฑู ุงููุฑูุถู ููุง ุจููููู ุบูุฑ  ูุงูุฏููู ุงูุชููุชูุง ูู ุชุญุฑูุฑ ุณูุฑูุง ูููุงุฌูู ุงูโฆ
379,0,ุนุงุฌู  ุฌูุด ุงูุงุญุชูุงู ูุตู ุนูููู ุฏูููู ุบุฑุจ ุฑุงู ุงููู ูุงูุชู ุงุณูุฑุช ุนู ููุชู ูุฌูุฏู ูุงุตุงุจู ูุณุชูุทููู ุงุซููู ุจ ุงูุตุนุจู ููุบุงูู
380,0,ุงู ูุดุงูู ุงูุฑุณุงูู ุงูุงุณูุงููู ุชุฑุจู ุงุฌูุงูุง ูุคููู ุจุชุญุฑูุฑ ุงูุงูุณุงู ูู ุงูุบุจู ูุงูุญุฑูุงู ููุง ูู ุงูููุงุฌุณ ูุงููุฎุงูู  ุงูุฑุฆูุณ ูุจูู ุจุฑู  ูโฆ
381,0,ููุฏ ุงูุฌุฒุช ูุงุตุจุช ูุงุนุซูุงูู ูู ุจูุงุฏ ุงููุณูููู ูุงูุนุฑุจ ูู ุจูุงุฏูุง ุงุฑุถโฆ
382,0,ุงููุญุจู ูููุง ุญุฑุจ ูุฌูุงุฏ
383,0,ุงู ูุดุงูู ุงูุฑุณุงูู ุงูุงุณูุงููู ุชุฑุจู ุงุฌูุงูุง ูุดุงุฑูู ูู ูู ูุง ูุตูุน ุญูุงู  ุงูุฏููู ูุงููุฌุชูุน  ุงูุฑุฆูุณ ูุจูู ุจุฑู  ูุดุงุนู ุงููุฏู
384,0,ุทุจุนุง ุงุชุฐูุฑ ููุงูู ูู ูููู ุงุฎูุชูุง ูู ุชูุธูู ุงููุงุนุฏู
385,0,ููุงุก ุณุงุจู ูู ุงูุฌูุด ุงููุตุฑู ูุตุฑ ุชุณุชุทูุน ุงูุฏูุงุน ุนู ุญุฏูุฏูุง ุฏูู ุงููุฌูุก ููุงูู ุงููุชุญุฏู
386,0,ุงูููุงุฏู ุงูุนุงูู ููุฌูุด ุงูุณูุฑู ุชุนูู ุชุญุฑูุฑ ุฎุงู ุดูุฎูู
387,0,ุณุงุนุฏ ุงุฎูุงููุง ุงููุณูููู ูู ุงูุตูู ุจูุฏุฑ ุงููุณุชุทุงุน
388,0,ูู ุงูุตุฏ ุงูุงุฎูุงู ุงููุณูููู ูู ููุณูุง ุนูู ูุฐูุจ ูุงุญุฏ ูู ููู ุงูุฏูู ูุตุฏุช  ุงุฎูุงู ูู ุทุงุน ุงููู ุงูุงุจ ุงูุฑูุญู ูุฏุงุนุด ูุงููุงุนุฏู
389,0,ุงููุดููู ุนูู ููุฑู ูุง ุจุณ ุฌูุนู ูุจุงุฑูู  ุงููุง ูููุฌ ูุงูู ุงุฏู ููุดุงู ุฏุงุนุด ูุงููุงุนุฏู ูุงุฎูุงู ูู ุทุงุน ุงููู ูุจููู ุญุฑุงู ูโฆ
390,0,ุงูุญุฒุจ ุงูุงุณูุงูู ุงูุชุฑูุณุชุงูู  ุณุงุนุฏุชู ุงูููุฆู ุนูู ูุตุงุฆู ุงูุฌูุด ุงูุญุฑใูุตุฑู ููุงูุจูุงุกใ  ุณุงุนุฏูุง ุงููุณูููู ูู ุญุฑุจ ุนูู ุงููุธุงู ใูุตุฑู ุงููโฆ
391,0,ููู ูุฌูุช ุงูุงููุงู ูุงูุฌููุฏ ููุชุงู ุงูุงุณุฏ ุจุงููุฏุฑ ุงูุชู ูุฌูุช ููุชุงู ุงูุฌููุงูู ูุฒูุฑุชู ูุงูุชุตุฑุช ุงูุซูุฑู  ูููู ููุตูโฆ
392,0,ุฌุจูู ุงููุตุฑู ููุนูููููู ุงูุงุชุฑุงู ๐
393,0,ุจุฏุงุฑูุง ูุงู ูู ุฌุจูู ุงููุตุฑู  ุจุฏุฑุนุง ูุงู ูู ุฌุจูู ุงููุตุฑู  ุนูุฏู ุฎูุงู ูุน ุงููุตุฑู ูู ูุดููุชู ููุญุฏู ูุง ุชุจุซโฆ
394,0,ุตูุฑ ุฌูุฏู ูู ุฌูุด ุงูุงุญุชูุงู ุงูุงุฑูุงุจู ูุฎุชุทู ุทููุง ุฎูุงู ููุน ุงููุณูุฑู ุงูุงุณุจูุนูู ุงูููุงูุถู ููุงุณุชูุทุงู ูู ูุฑูู ููุฑ ูุฏูู ูุถุงุก ูููููููโฆ
395,0,ูุงุจู ุงููุฑูุงูุงุฐุง ูุง ูุจุฑุช ูุงุฑุญ ุชุตุบุฑ ูุงุฐุง ูุงุฎุฑุจุช ูุงุฑุญ ุชุนูุฑ ููุด ูููููู ุถุนูู  ูุตูุญู ุงุชุฑููุง ุงููุฌุงูุฏูู ุนโฆ
396,0,ููุด ุงูุช ุงูุธู ูู ุฌุจูู ุงููุตุฑู  ุงูู ูููู ุนูู ูุณุงูู ุดุชู ุงูุฐุงุช ุงูุงูููู  ูุนูู ุดุนูุท ุงูุฌููุงูู ููุนูุท ุงูุช
397,0,ูู ูุณุชุทูุน ุงุชุญุงุฏุงุช ุนููุงุก ุงููุณูููู ูููุฆุงุช ุงูุงูุชุงุก ูู ุงูุนุงูู ุงูุงุณูุงูู ุงุตุฏุงุฑ ูุชูู ุจูุฌูุจ ุงูุฌูุงุฏ ูู ุณุจูู ุงููู ููุตุฑู ุดุนุจโฆ
398,0,ุนุงุฌู ุงูุงุนูุงูู ุญุณูู ูุฑุชุถู  ุงูุฌูุด ุงูุณูุฑู ูุญููุงุฆู ูุถุจุท ููุฑ ููุงุฏู ูุงุฑูุงุจู ุฌุจูู ุงููุตุฑู ูู ุบุฑุจ ุงูุชูุงูุนู ุจุฑูู ุงุฏูุจ ุงูุฌโฆ
399,0,ุชุนุฒูุฒุงุช ูุงุฏูู ูู ูุงุฑุจ ูุงูุฌูู ูุตุฑู ูุงุจุทุงู ุดุจูู ุงูุงุญุฑุงุฑ ุงูุฐูู ูุง ููุจููู ุงูุถูู ูุงูุนุจูุฏูู  ุดุจูู ุดุฑุนูู ุจุงูููู ุงูุนุณูุฑูู  ุดโฆ
400,0,ุงูุญุฒุจ ุงูุงุณูุงูู ุงูุชุฑูุณุชุงูู  ุณุงุนุฏุชู ุงูููุฆู ุนูู ูุตุงุฆู ุงูุฌูุด ุงูุญุฑใูุตุฑู ููุงูุจูุงุกใ  ุณุงุนุฏูุง ุงููุณูููู ูู ุญุฑุจ ุนูู ุงููุธุงู ใูุตุฑู ุงูููใ
401,0,ุตูุฑู ุงููุณุชูุทูู ุงููุชููู ูู ุนูููู ุฏูููุจ ุญูุซ ุงุตูุจ ุงุจููุง ุงูุญุฎุงู ุงููุชุทุฑู ูุงุฎููุง ุงูุฌูุฏู ูู ุฌูุด ุงูุงุญุชูุงู
402,0,ุณุชุจูู ุงููุฏุณ ุนุฑูุณ ุนุฑูุจุชูุง ูุณูุจูู ุงูุงูุตู ูุจูู ุงููุฌุงูุฏูู ุงูุงุญุฑุงุฑ ูุจูู ูุงูุตู
403,0,ูุงูู ุชุนุงููุง ูุชุญุฏุซ ุจุงูุนูู ูุงูููุทู  ูู ุณุงูุฏ ุงูุชุญุงูู ูุญุฑุฑ  ูู ุงูููู ูู ูุฏ ุงูุฑุงู ููู ูุถู ุนูู ุฏุงุนุด ูุงููุงุนุฏู ูู ุงูููุงุช ุงููุณูุญู โฆ
404,0,ุนุงุฌู ุงุณูุงุนูู ูููู ูุญู ููุงุชู ุนูู ุฌุจูู ุบุฒู ูุตุฑู ูููุฏุณ ูุญู ุงูุนูุฏู  ุดูุงุจ ุนุงุฌู
405,0,ูุงูุจู ุชุญุฑูุฑ ููุฑู ุบูุฑ ูุง ุจุนุฏ ููุฑู ุงูุถุฑุจู ุงููุงุณูู ููุงุญุชูุงู ุงูุชุฑูู ุชุญูู ุญุจ ูุงุจุทุงู ุงูุฌูุด ุงูุนุฑุจู ุงูุณูุฑู ูููุญููุงุก ุงูุดุฑูุงุก โ๏ธโ๏ธโ๏ธ๐ธ๐พ๐ธ๐พ๐ธ๐พ
406,0,ุจุดูุฑ ุงูุฌููู  ุญูู ุงูุฏููู ุงููููู  ุงููุชุงุฆุจ ุงููุจูุงููู  ูู ุงูุจุดูุฑ ุงูู ุงูุณุงูู
407,0,ุงูุงูู ุงูุงูุฑุงูู ูุนูู ุงุญุจุงุท ูุคุงูุฑู ุถุฏ ุงูุซูุฑู ุงูุงุณูุงููู ุฎุทุท ููุง ูู ูุฏููู ูุดูุฏ
408,1,ุงูุณูุฑูู ูุนูููู ุชูุงูุง ูุฏู ูุฐุจ ุงุนูุงู ุงูุงุณุฏ ุญุชู ููุตุฏูู ูู ุงูุนุงูู
409,0,ูููุง ุญุงุถุฑูู ููููู ุฌูุฏ ูุฌูุฏู ุชุญุช ุฑุงูู ุงููุชุงุฆุจ ููุญู ุงุจูุงุก ุงูุณูุฏ ูุตุฑุงููู ูุง ูุนุฑู ูุนูู ููููู ุญุฏูุฏ ููุง ุงูุธูู ูููุงููู ูโฆ
410,1,ูุนูู ุงููู ุนูู ูู ูู ุฎุฐู ุงูุซูุฑู ุงูุณูุฑูู ูู ุงูุดุงู ุจุณ ุญุฏุง ูุฌุงูุจู ุนูู ุณุคุงูู ุงูู ููุฆู ุชุญุฑูุฑ ุงูุดุงู   ุ
411,0,ูุฑุงุช ุจูุณุช ุชูุธูู ุงูุฏููู ูุชุจูู ุนุจุฑ ุจูุงู ุฑุณูู ูุชู ุงูููุงุฏู ูู ูุณุฏ ูุญูุฏ ุนูู ุงููููุงู ุตุจุงุญ ุงูููู ุจุฑุตุงุต ุงุญุฏ ุนูุงุตุฑู ุนูู ุงุทุฑุงู ูโฆ
412,0,ุงูุฏููู ูุงุณุงู  ูุด ูุนุฑูู ุนูููุง ุฑุงุณ ูู ูุนุจ  ูุญู ูู ุฌูู ูุง ูุจู ุงูุญุฑุจ  ุซู ุงูุณุจุนููุงุช ูุงูุซูุงูููุงุช  ุซู ุงูุทุงุฆู ูู ูกูฉูฉู ุงูู ูขููโฆ
413,0,ุฑุบูุง ุนูู ุงููููู ูุงู ุณุนูุฏ ูุงูู ูุชูุชู ุดุจุงุจูุง ููุฌุฑุชู ุจูุงุฏูุง ูุงุฏุฎูุชู ุฏุงุนุด ููุง ุชุจูู ุงูุฑุงู ุงูุญููู ุงูุงูโฆ
414,0,ุงูุซุฑ ุงููุงุณ ุงูู ููุฌู ุจูุชูู ูู ุงูุณูู ุฏุงุนุด ููู ุงููุงุนุฏู ุฏูุฑูุง ุงููููู ุงูุณูู ููุฌููุง ุจููุชูู ููุฌุฑููู ูุนุงุซูโฆ
415,0,ุงู ุชูุฏู ููุฌูุด ุจุงุชุฌุงู ุตูุนุง ุจููุตูู ุงูุทูุฑุงู ููุฏ ุญุฏุซ ุงูุซุฑ ูู ูุฑู ูุงุณุชุดูุฏ ูุงุฏู ูุชุงุฆุจ
416,0,ูุชุงุฆุจ ุญุฒุจ ุงููู ุจุนุฏ ุงููุถุงุก ุงูููุงุฌูู ูุน ุฏุงุนุด ุงูุชููุช ุงููุฑูุง ุงูู ูุฑุญูู ุงูุงุณุชูุฏุงู ุงููุจุงุดุฑ ูููุงูุน ุงูุญุดุฏ ุงูุดุนุจู
417,0,ุงูุฑุญูู ูุงูุฎููุฏ ููุดููุฏู ุฑูุง ุงูุนุฌููู ุงููุฑุงุณูู ุงูุญุฑุจูู ุงูุดุฌุงุนู ุงูุชู ุงุณุชุดูุฏุช ุงูููู ูู ูุนุฑูู ุชุญุฑูุฑ ุงููุงุฆู ููุณุงู ุงููู ุงู ููููโฆ
418,0,ููุฐุง ุฎุทุท ุงููุฑ ุฌุจูู ุงููุตุฑู ุงูุณุงุจู ูู ุงูููููู ุงุจู ูุงูู ุงูุชูู ูููู ุงููุนุฑูู ูู ุณูุฑูุง ุงูู ูุจูุงู ุนุจุฑ ุงุญุชูุงู  ููุงุทู ูุจโฆ
419,0,ูุฑุงุณู ุชููุฒููู ุงูุฎุจุฑ ูู ุญูุจ ุงุดุชุจุงูุงุช ุจูู ุนูุงุตุฑ ุงูุฌูุด ุงูุนุฑุจู ุงูุณูุฑู ููุณูุญู ุฌุจูู ุงููุตุฑู ูู ุญู ุงูุฑุงุดุฏูู ุจุงูุชุฒุงูู ูโฆ
420,0,ูุฑุงุณู ุชููุฒููู ุงูุฎุจุฑ ูู ุญูุจ ุงุณุชุดูุงุฏ ุดุฎุต ูู ุญู ุงูุฎุงูุฏูู ูุชูุฌู ุงุตุงุจุชู ุจุฑุตุงุต ููุงุต ูุณูุญู ุฌุจูู ุงููุตุฑู ุงููุชูุงุฌุฏูู ูุญูุท ูุนุงูู ุงูุจููุฑููู
421,0,ุงูุญุฑุจ ุนูู ุตุญู ุงููุตุฑูู ุชุชููุงูุง ุงูุงุฎูุงู ุจุงูุงุฏู ุงุฎูุงู ุฑุงุจุนู ุงููู ูุงููุง ุจูุทูุนูุง ุงููููู ุจ ูขูู ุฌููู ููุด ูุงููู ููููุง  ุงุตุจุญูุง ุฏโฆ
422,0,ุฏุงุนุด ุทูุนุช ูุฌูุณูู ุจูุถุฑูู ุฒูู ุณูุงุฑุงุช ุชุญูู ุงุฑูุงู ุณุนูุฏูู ุดูู ูู ูุฌูุณูู ูุงูุณุนูุฏูู ุงูุงูุชุญุงุฑูู ูุบูุฑูโฆ
423,0,ุฌุจูู ุงููุตุฑู ููููู ุงูููู
424,0,ุงูุฏูุงุน ุงูุงูุฑููู ูุคูุฏ ููุชู ุญูุฒู ุจู ูุงุฏู ูุฌู ูุคุณุณ ุชูุธูู ุงููุงุนุฏู
425,0,ุงููุฌูุณ ุงูุงูุชูุงูู ูุงู ุญุฑูุต ุนูู ุนุฏู ุงุฑุงูู ุงูุฏูุงุก ูู ุดุจูู ูููู ุงูุงุฎูุงู ูููุง ุฑูุถูุง ูุนุงุฑุถูุง ุงุฑุงุฏู ุงุจูุงุก ุดุจูู ูู ุชุญุฑูุฑ ูุญุงูุธุชูโฆ
426,0,ูู ุดุงูุชูุง ุฌุฏุชู ูุงู ูุงูุช ูุฐุง ุงูููุงุฑ ูุจุบูู ูุบุฒูู ุงููุณูููู ุงููู ุงููุณุชุนุงู
427,0,ููุงู ุงูุญุดุฏ ููุณ ุนุฑุงูู  ูุงูู ูุงูุช ุงููุงููู ุนูู ุฎูุงูู ุงูููุงุญู ููุฌูุด ุงูุนุฑุงูู ุงูุจุงุณู  ุณูุงุฏู ุงูุฏููู ูู ุณูุงุฏู ุงูุญุดุฏ
428,0,ูู ูู ููู ุจูู ุจูุฌู ุงุณุฑุงุฆูู ูุตูุฑ ุงุฎูุงูู ุงุฑูุงุจู ูุถุฏ ุงูุฏููู  ุงุชูุณ ูู ููู ูุงุณ ุจูุดููุด  ุฑุงูู ุดุนุซ
429,0,ุงูุงุญุจู ุงููุฏุงูุนูู ุนู ูุตุงุฆููู ูุดูุฑ ุฌููุฏูู ููู ุจูุง ุงูุชุดุจูุญ  ุนูุฏูุง ูุนุทู ุฑุงููุง ุจุนูุฏุง ุนู ุงู ุงุฌูุฏู ุณูู ูุตุฑู ุงููุณุชุถุนููู ุชูุจูโฆ
430,0,ุงุณูุนูุง ูุงูุงุณ ุจุนุฏ ูุง ูุฌู ูุงุญุฏ ูฺฏูู ูู ุงุณุฑุงุฆูู ุงุฎูุงู ุงุณุฑุงุฆูู ุชูุฑุน ุทุจูู ุงูุญุฑุจ ูุน ุงูุฑุงู ูุงูุณุงุญู ูู ุงูุนุฑุงู  ููุงโฆ
431,0,ุณูุฑูุง ุญุฑู ุตูุฑ ุฒุนูู ุฌุจูู ุงููุตุฑู ุงุจู ูุญูุฏ ุงูุฌููุงูู ูู ุงุฏูุจ ุจุนุฏ ุงูุณุญุงุจ ุงููุณูุญูู ูู ุฎุงู ุดูุฎูู
432,0,ุงูุจุงุทู ูุงูุญู ูู ุตุฑุงุน ุฏุงุฆู ููุฐ ุธููุฑ ุงูุฏุนูู ุงูุงุณูุงููู ุงูู ููู ุงูุฏูู ูุณูููู ุงูุญุฑุจ ุน ุงูุญู ุดุฏูุฏ ูุดุฏูุฏ ุฌุฏุง ูููู ูู ุงูโฆ
433,0,ูู ุตุฑูู  ุณููู ุชุดุชุบู ูุน ุงูุงุฎูุงู ุงููุณูููู ูุงูุดุงุฑ
434,0,ุณูุงุก ุงูุนุฑุงู ุตุงูุฑู ุฎุฑูุทู ูุฑูุทู ูููู ุนูุฏู ุทูุงุฑู ูุณูุฑู ุทูุฑูุง ุดู ุชุฌุณุณ ุดู ูุตู  ูุงุตุฏุงุฏ ููุงุฑุฏุงุฏ ูู ุญุฑุจูุง ููู ุฏุงุนุด ุฌุงูุชโฆ
435,0,ุงูุจุบุฏุงุฏู ูุฑูุถ ูุฎูููุชู ุถุงุจุท ุณุงุจู ุจุฌูุด ุตุฏุงู  ุงูู ุงูุนุฑุงู ุงูุณููุฑูู
436,0,ุงูุฏููู ูุงูุฌูุด ุงูุชุฑูู ุงุตุจุญ ุงุถุญููู ุงูุงุณุฏ ูุงุนูุงูู ูููุงููู ุชุฑุฌููุง ุงูุตูุฑู
437,0,ุงูุฏููู ุงูุนุซูุงููู  ุชูููุฑ ุงูุตุญุงุจู ูุงููุงุช ุงููุคูููู ูุนูุงู ุงุนูุงู ุญุฑุจ
438,0,ุตุญููู ุจุฑูุทุงููู ุงูุจุบุฏุงุฏู ูุฑูุถ ููุถุน ุฏุงุนุด ุชุญุช ุงูุฑู โุงูุงุณุชุงุฐโ
439,0,ููุงูุน ุงุนูุงููู ูุนุงุฑุถู  ููุชู ุงุญุฏ ุงููุณุคูููู ูู ูุง ูุณูู ุชูุธูู ุญุฑุงุณ ุงูุฏูู  ุชูุธูู ุงููุงุนุฏู ุงููุฏุนู ุตููุจ ุงุจู ุฎูุงุฏ ุงููโฆ
440,0,ุงูู ุฌููู ูุฐุง ุงูู ุชููู ุนููู ูุฌููู ุงููููู ูุจุฑูุฆ ูู ูุงู ููุช ุฏุงุนุด ูุงู ูุชูุฑุฌู ุน ุงููุงุณ ูุงูุฌูุด
441,0,ูุงุดูุทู ุชุนูู ููุงูุงู ุฎูุณู ููุงูู ุฏููุงุฑ ููุงุจู ูุนูููุงุช ุนู ููุงุฏูู ุจุชูุธูู ุงูุฏููู โ ุงุญูุงุฏ
442,0,ูุงุฏูุฏูู ุฏุฎูู ููุด ูุง ุชุฐูุฑุชู ุญุฑุจ ุชููุฒ ูููุด ูุง ุชุฐูุฑุชู ุชุญุฑูุฑ ุงูุงุฑ ูููุด ูุง ุชุฐูุฑุชู ูุงูุง  ุงุฐุง ุจุฏู ุจููู ุน ุฏูุงุก ุจููุดุท ุงูุฐุงูุฑู
443,0,ุณุงูุญูู ูุนูู ุตูุฑุชู ุจุดุนุฑ ูุงูุต ูููุง ุณููู ูุนูู ุงุณูุฏ ูุชุจูู ู ูุชุงุฆุจ ุชูุธูู ุงูุฏููู ๐๐
444,0,ูุงุฎู ุงูุช ููุงุฏู ูู ุฌูุด ุงูุนุฒู ูุงููู ุงูู ุงุณุชุญู ุงูุงู ุงุณู ุฌูุด ุงูุนุฒู ุงููุฌุงูุฏูู ุงูุงุจุทุงู ูุคูููู ุนูุฏูุง ุงุฑโฆ
445,0,ุงูููู ุงูุตุฑ ุงุฎูุงููุง ุงููุฌุงูุฏูู ูุงููุณุชุถุนููู ูู ูู ููุงู ูุฐูุฑ ููู ุงุณูู ูุงุฑุจ ุงูุนุงูููู
446,0,ุงูุฌููุงูู ูุนูู ุงู ููุฆู ุชุญุฑูุฑ ุงูุดุงู ูู ุชูุณุญุจ ูู ุงูููุทูู ุงูุนุงุฒูู ูู ุดูุงู ุบุฑุจ ุณูุฑูุง
447,1,ููู ููู ุญูููุง ููุงุก ุงูุตููุจูู ูุงูุฏู ููุฑูุจ
448,0,ุงูุณู ุจุงููู ุงูู ูุฎู ุถุงุฑุจ  ุงูุจูุงู ูุฒูุฑ ูุญุชู ุงูุญูุงุฑ ุงูู ุฏุจูุฌู ูุณู ุงูู ุฌุจูู ุชุญุฑูุฑ ุงูุดุงู ุงูุฏูุฌุช ูุตุงุฑุช ููุฆโฆ
449,0,ุงุฐุงุนู ุฌูุด ุงูุงุญุชูุงู ุงุฑุชูุงุน ุนุฏุฏ ุญุงูุงุช ุงูุงุฌูุงุถ ุจูู ูุฌูุฏุงุช ุงูุฌูุด ุงูุงุณุฑุงุฆููู ุฎูุงู ุงูุนุงู ุงููุงุถู ุญูุซ ููุฌุฆ ุณูุงุญ ุงูุทุจ ูู ุงูุฌูุด ุจโฆ
450,0,ุจูุงู ุฌูุด ุงูุงุญุชูุงู  ูุจู ูููู ุงุบุงุฑุช ููุงุชูุงุช ุญุฑุจูู ุนูู ุนุฏุฏ ูู ุงูุงูุฏุงู ุงูุงุฑูุงุจูู ูู ูููุน ุจุญุฑู ุชุงุจุน ูููุธูู ุญูุงุณ ูู ุดูุงูโฆ
451,0,ุงูุฑููุง ูู ุงูุณุจุจ ุงูุงูู ูุงููุนุงุฑุถ ุงูุงูู ูุชุณููุญ ุงูุนุฑุงู ูุฌุนูู ููู ุงูููููู  ุนูุฏ ุฏุฎูู ุฏุงุนุด ูู ููู ุงูุนุฑุงู ููุชูู ุทุงุฆุฑุงุช ุญุฑุจููโฆ
452,0,ูู ูู ุงูุงููุฑ ุงูุฐู ุชุชููุน ุงู ูุฑุจุญ ูู ุญุฑุจ ุงูุฎูุงูู   ุ
453,0,ูุฑูุจ ุฑูุงุฏ ุงูุงูุตู  ุฐูุฑู ุงุญุฑุงู ุงููุณุฌุฏ ุงูุงูุตู  ูุงูุฏุณ ูููุง ุจุงุนุฏูุง ุจูููุง  ููู ุบุฏ ุฌูุด ุงููุฏู ูุฒุญู  ูุชุงุฆุจ ุงูุงููุงู ูุฏ ุจุงูโฆ
454,0,ููุฐุช ุงูุฏููู ุงููุตุฑูู ุงูููู ุญูู ุงูุงุนุฏุงู ุจ  ูุชูููู ุจุงูุงุฑูุงุจ ูู ุงูุงุฎูุงู ุงููุณูููู  ูุฑุงุช ุชุบุฑูุฏุงุช ูุซูุฑู ุชุจูู ูุชูุชุญุจ ูุชุณุชุดูุฏ ุจโฆ
455,0,ุดุนุจ ูุณุชููู ูู ููููู ุงูุฏููู ูกูููช ุจุณ ุฌูุฏู ูุบูุงุฑ ูุฒุนููู ูุญุฒุจู ูุงูุทุงููู ุงูุณู ูุง ุชูุฌุน ุฑุงุณู ูุญโฆ
456,0,ุงูููุฏู ูุนูุณู ูุงุฆุฏุง ุงูุญู  ุงููุฒุงููู ุณูุงุทูู ุงูุชูููู ุชุณุจุจุช ุจุงูุชุญุงู ุงููุณูููู ุจุฌููุด ุงูุบุฒุงู  โฆ
457,0,ููุฌุฏ ุงูุซุฑ ูู ุงูู ุฏููู ูุฏู ุนูู ุงุณุชุนูุงู ุงููููุงูู ูู ูุจู ุฏุงุนุด ูุงูููุจูุฐูู ุงูุฌูุงุฏูู  ูุงูุชุญููู ุงุซุจุช ูุดูู ูุงูโฆ
458,0,ุชุฑููุง ูู ูู ุงุฏุฎูุช ุฏุงุนุด ููุงุญุด ููุงุญุด ูุงููุตุฑู ูุงุฎูุงุชูุง ูุณูุฑูุง ูุฏุนูุชูู ุจุงูุงุณูุญู ุญุชู ูุชููุง ุจุงโฆ
459,0,๐ด ูุงุฆุฏ ุงูุซูุฑู ุงูุงุณูุงููู ุงูุณูุฏ ุนูู ุงูุฎุงููุฆู ูุณุชูุจู ุฑุฆูุณ ูุงุนุถุงุก ุงูุญูููู ุงูุงูุฑุงููู ููุคูุฏ ูุดู ุงูุงุนุฏุงุก ุจุชุญููู ุทููุญุงุชูู  ๐ด ุงูุณูุฏ ุงูุฎุงโฆ
460,0,ุตุญ ูุณุงูู ุจุณ ููู ูููู ุดุฌุงุนุชู ููุงูู ูุณูููู ูุจู ุฌูุด ุงููุงููู ูู ุงููุงููู ุงุตูู ุญุฑุงู ุฌูุฏู ูุงุญุฏ ูุตูุฑ ุจุญูุงูุชูโฆ
461,0,ููุงู ุงููุงู  ุงูุญุดุฏ ุงูุดุนุจู ูู ููู ูุชุนุงูู ูุน ุงูุงูุฑููู ูุชุญุฑูุฑ ุงููุฏู ุงููุญุชูู ูู ูุจู ุฏุงุนุด ูู ุดูุงู ุงูุนุฑุงู
462,0,ุฏุงุนุด ูุงููุตุฑู ูุจููู ูุตุงุฆู ุงูุงุฑูุงุจ ูุชูุช ูุต ููููู ุณูุฑู ูุงูุญููู ูุชูููู ูู ุฏุงูุน ุนู ุณูุฑูุง ูุดุนุจูโฆ
463,0,ุชูุงู ุตุงุฑู ุงูุงุชุฑุงู ุงููุญุงุตุฑูู ุงุณุฑู ุญุฑุจ ููู ูุงุชุจุงุนู ุฌุจูู ุงูุนูุฑู ุฎูู ุงุฑุฏููุงู ุงูุจูุณ ุงุฌุฑ ุงูุงุณุฏ ุจุณ ูุดุฑุช ุนููู ุจูุณุฎ ุงูุจูุท
464,0,ุงูุฌูุด ุงููุทูู ููู ุฎูุงู ูุดุงุฑูุชู ูู ุงููุนุงุฑู ุงููุงุฆูู ุจุฑูู ุญูุงู ูุงุฏูุจ ูุง ูุจุชุบู ุงูุง ูุตุฑู ุงูุงูู ูุญูุงูู ุงูุงุฑุถ ูุงูุนุฑุถ ููู ูุง ูุฑูโฆ
465,1,ุงูุงุฏ ุฑุฌู ุญููุฑ ุฏุงุนุดู ุงูุง ุงุนุฑูู ูู  ุนูุฏูุง ูุงู ููุงุตุฑ ุชูุธูู ุงูุฏููู ููุณูู ุงููุฌุงุฒุฑ  ุงูุชู ุงุฑุชูุจูุง ุงูุฏูุงุนโฆ
466,0,ููุชู โุฌุจูู ุงููุตุฑูโ ูุญุฑุถ ุนูู ูุชุงู ุงูุฌูุด ุงูููุจู ููุฏูู
467,0,ุงุฐุงุนู ุฌูุด ุงูุงุญุชูุงู  ุงุฑุชูุงุน ุนุฏุฏ ุญุงูุงุช ุงูุงุฌูุงุถ ุจูู ูุฌูุฏุงุช ุงูุฌูุด ุงูุงุณุฑุงุฆููู ุฎูุงู ุงูุนุงู ุงููุงุถู ููุฌุฆ ุณูุงุญ ุงูุทุจ ูู ุงูุฌูุด ุจุงูุฒูุงโฆ
468,0,ูููู ูุงูุนูู ูุนู ููุงู ุชุฎุงุฐู ูู ุจุนุถ ุงููุชุงุฆุจ ุงูููุงุชูู ูููุงู ุฎูุงูุงุช ูููุงู ุงุชุจุงุน ูููููููู ูููุงู ุบุฏุฑ ุงููุงุนุฏูโฆ
469,0,ุจูุฐุง ููุงูู ุงุนุชุฑูุช ุงูู ุทุงุฆูู ูุนูุตุฑู ูููุด ูู ุงูู ุงูุณูู ุงุนุชูููุง ูุชููุฑุจูุง ุงูุง ุงุฐุง ููุช ุชููู ุงูู ุฏุงุนุด ุงู ุงููุงุนุฏูโฆ
470,0,ุชูุณูููุงุช ุงููุณูุญูู  ููุชู ุงุญุฏ ุงููุณุคูููู ุงูุดุฑุนูู ูู ููุฆู ุชุญุฑูุฑ ุงูุดุงู ุฌุจูู ุงููุตุฑู ุงููุฏุนู ุงุจู ุงูุจุฑุงุก ุจููุฑุงูโฆ
471,0,ุซู ูุงุฆุฏุง ูููุงุก ุฑูุญ ูู ูุชุงุฆุจ ุงููุณุงู ูุนุถูุง ูู ุงููุฌูุณ ุงูุนุณูุฑู ุงูุนุงู ููุฏ ุดูุฏ ููุงุก ุฑูุญ ุชุญุช ุงูุฑุชู ุงูุฌููุงุช ูุงูุตููุงุช ูุนโฆ
472,0,ููุงุฐุง ูุง ุชุชุฐูุฑูุง ุงุฑูุงุจูู ูุงุฑูุงุจ ุฏููุชูู ุถุฏ ุงููุณูููู ูู ุญููุชูู ุงูุงููู ุถุฏ ุงูุฏููู ุงูุงุณูุงููู ูุฑูุฑุง ุจูุนุฏ ุจูููุฑโฆ
473,0,ูุฐู ุงูุตูุฑู ูู ููุฌูุด ุงูุงูุฑููู ุจุนุฏ ุฎุณุงุฑุชู ูู ุญุฑุจ ููุชูุงู ุจุนุฏ ุตุนูุฏ ุงุฎุฑ ุนุณูุฑู ุงููุฑููู ูุงู ุงูุฌูุฏู ุจุฑูุณ ุงูุณูู ุงูุฐู ูุงู ุนููโฆ
474,0,ูู ุงูุตูุฑู ุงูุงููู  ุฌููุฏ ููุงุก ุดููุฏ ุงูุตููููู ูุจู ุดุฑูุนูู ูู ูุชู ุงุณุฑู ูุตุฑูู ูู ุญุฑุจ  ุจูุงุก ุนูู ุชุนูููุงุช ูุงุฆุฏ ุงูููุงุก ุจููุงููู ุจโฆ
475,0,ููุงุฏู ุฌุจูู ุงููุตุฑู ูุชูุซูู ูู ุงูุฌููุงูู ููู ูููุฐ ุจู ูู ูุณุฎู ูุญุฏุซู ุนู ุงูุจุบุฏุงุฏู ููู ูุงู ุญููู  ุงูุง ุงูุนูุงุตุฑ ูโฆ
476,1,ุชุญุฑูุฑ ุณูู ุงูุญุฏูุฏ ูู ุนูุฑูู ุนูู ูุฏ ุงุจุทุงู ุงูุฌูุด ุงูุณูุฑู ุงูุญุฑ ูููููุง ุงูู ุชุฑููุง
477,0,ุตุฑุงุน ุงุฌูุญู ููุฌุฑ ุนูุงูู โุฌุจูู ุงูุชุญุฑูุฑ โูููุธูู ุงููุญุงุฑุจูู ูู ุงูุฌุฒุงุฆุฑ
478,0,ุนุจุงุฑุงุช ุงุฎูุงููู ุงููุฌุงูุฏูู ุจ ููุฑูุจูุฏู  ุงูุฏูููุฑุงุทูู ุดุฑู ูุชุฎูู  ุงูุนููุงููู ููุฑ  ุงูุงุฑูููู ุญุฑุงู  ูุงููู ุจุฑุงูู  ุญุงููู ุงุชุญูููุง ุจุงุจุฏโฆ
479,0,ุชุณุทูุน ุงูุงุญุชูุงุธ ุจูุนูููุงุชู ูุง ุญุงุฌู ููุง ุงูุงู  ูุณุงู ุงููู ุชุซุจูุช ุงููุฌุงูุฏูู ุงูุงุญุฑุงุฑ ุชุญุช ุงู ูุณูู ูุงู  ุฎุงู ุดูุฎูู  ุงุฏูุจ
480,0,ูุงูู ุชุฒุงูุทูู ุจููุฏ ุงูููุญู ุณูุงุฏู ุงููุงุฆุจ  ุฏุงุนุด ูุงูุช ุชุญุชู ุซูุซ ุงูุนุฑุงู ููู ูุฑู ุงุจู ูุณุคู ูู ุงูุฏููู ูุฏ ุงุณุชุดโฆ
481,0,ุนุจุงุฑุงุช ุงุฎูุงููู ุงููุฌุงูุฏูู ุจ ููุฑูุจูุฏ ู  ุงูุฏูููุฑุงุทูู ุดุฑู ูุชุฎูู  ุงูุนููุงููู ููุฑ  ุงูุงุฑูููู ุญุฑุงู  ูุงููู ุจุฑุงูู  ุญุงููู ุงุชโฆ
482,0,ูุชุฏุฎู ุฏุงุนุด ูุฑู ุซุงููู ูุงูุฎููู ุจุงูุฌูุด ูููุฒููู ููุณูููู ุณูุงุญูู ูุฏุงุนุด  ุนุงุฏู ุนุงุฏู
483,0,ุดููุช ูุฐู ุงูุญุฑุจ ูุตูุง ููุนูุง ูู ูุตูู ุงูููุงุก ุงูุฏููู ุงููุจูุงููู ูุชุถุนุถุนูุง ูุตุงูุญ ุตุนูุฏ ููุทู ุงูููููุดูุง ุงูุฐู ุฑุณุฎ ุงูุงุตุทูุงูุงุช ุงููุฐูุจูโฆ
484,0,ุจูุงุก ุงูุฌููุงูู ูููุงุจู ูู ุงุฏูุจ ูู ุงุญุฏ ุงูู ุงุณุจุงุจ ุชุงุฎุฑ ุงููุตุฑ ุนู ุงูุซูุฑู ุงูุณูุฑูู  ุงูุฌููุงูู ุนุฏู ุงูุซูุฑู
485,1,ุงูุงุฎ ูุงูุนุฑู ุงุฎูู ุงุฐุง ุตุงุฑ ุงุฎูุงู ูุจูุชุฎูู ุนูู
486,1,ุชุนููู ุงููุณุงุก ุถุงุฑ ุจุตุญู ุงููุฌุชูุน
487,1,ุฎุฑูุฌ ุงููุฑุงู ุนู ุงููุงููู ูุนุชุจุฑ ุนุงุฑุง ููุง ููุงูููุง
488,1,ูุฌูุฏ ุงููุณุงุก ูู ุจูุฆู ุงูุนูู ูุคุซุฑ ุงูุงูุชุงุฌ
489,0,ุงููุณุงุก ุดูุงุฆู ุงูุฑุฌุงู ูุนูู ููู ูู ุงูุญูุงู
490,0,ุงุนุฏุงุฏ ุงููุชุงู ุงูู ูู ุงุนุฏุงุฏ ุงููุชู ูุจูุงุก ุงููุณุชูุจู
491,0,ุงููุฑุงู ูุตู ุงููุฌุชูุน ูุนูู ุนุงุชููุง ุชุฑุจูู ุงููุตู ุงูุงุฎุฑ
492,1,ุชุญุชุงู ุงููุฑุงู ูุชุญุตู ุนูู ูุงุชุฑูุฏ ููู ูุญุชุงูู
493,0,ููุชุฎุฑ ุงููุฌุชูุน ุจุงูุงู ุงููุฑุจูู ุงูุนุงููู
494,0,ุบูุฑ ุตุญูุญ ุงู ูู ุงูุจูุงุช ููููุงุช
495,1,ุงูุงูุซู ูู ูู ููู ููุงุฏุชูุง
496,0,ุงููุฑุงู ููุง ูุตู ุงูููุฑุงุซ ูุงููุง ุบูุฑ ููููู ุจุงูุงููุงู ุญุชู ุนูู ููุณูุง
497,0,ูุฌูุฏ ุงููุฑุงู ุจุงูุจุฑููุงู ูู ูุงุถุงูู ูุธูุฑ ุงูุซูู ูููุณ ููุง ุฏูุฑ ูุนุงู
498,1,ุงููุฑุงู ูุงุชุตู ุงูุง ุจุงูุฎุฏุงุน ููุง ุชุฑูุฏ
499,0,ุงููุซูุฑ ูู ุงูููู ุชูุงุณุจ ุงููุฑุงู ููููู ุงู ุชุจุฏุน ูููุง
500,1,ุฎุฑูุฌ ุงููุฑุงู ููุนูู ุฎุงุฑุฌ ุงูุจูุช ูุฌุนููุง ูุชูุฑุฏู ุนูู ุฒูุฌูุง ููุงุชุญุชุฑูู
501,1,ุชุตููู ุงููุฑุงู  ููุน ุซุงูู ุจุนุฏ ุงูุฑุฌู ุชุญูุฒ ููุง ููู ููุน ุนุงุดุฑ
502,0,ูุซูุฑ ูู ุงูุงุณุฑ ุชููู ุนูู ุญููู ุงููุฑุงู
503,1,ุงููุฑุงู ูุงุจุชููู ูุงุชุนุฐุจ ุญุงูู
504,1,ุงูุช ูุงุจุชุฎุฌู ุชูุดู ูุนูุง ุญุชู ูู ูุฑุชู
505,0,ูุชุงู ุนูููู ูููู ุญูู ูู ุดุงุจ
506,1,ุงููุฑุงู ูุงุฆู ุบุฑูุจ ููุณ ูู ุนูู ูุงุชุนุฑู ููู ุชุชุนุงูู ูุนู
507,0,ูุชุงู ุงูููู ูุฎุฑ ููุง ูุงูุตูุช ุงููู ูู ุงูุนูู
508,1,ุงููู ูุงูุณูุท ุนููู ูุฑุงู ุจุชุงููู ุจูุง ููุญ
509,1,ูุงูุทูู ุดู ุจูุฑูู ูุงุฎููุช ุนูุฏู ุนูู
510,1,ุงููุณุงุก ุณูููุงุช ูุญุฏ ุงู ูู ุงูุฑุฌุงู ูุฎุงููู  ุงููุณุงุก
511,0,ุฎููุช ุญูุงุก ุจููุฏ ุนุธูู
512,0,ุงูุซุฑ ุงููุณุงุก ุงุซุงุฑู ููุดููู  ุงููุชู ูุงุชุซู ุจููุณูุง
513,0,ุงูุฏุณ ุงููุณุงุก ุงููุงุช ุงูุดูุฏุงุก
514,0,ุงุฐุง ููุช ุชุชุณุงุฆููู ุงู ุทุฑูู ุชุฎุชุงุฑูู ูุชุฐูุฑู ุงู ุนููู ููู
515,0,ุฑูู ุงููุฌุชูุน ุงุฎูุงููุง ููุนูุณ ุงูุฌุงุจุง ุนูู ุงููุฑุงู
516,0,ูุฏุงูุน ุนู ุงููุฑุงู ูุญููููุงูุฒูุฌุชู ุชุนุงูู ูู ุธููู
517,0,ุงููุฑุงู ูุตู ุงููุฌุชูุน
518,1,ูุฑุงุก ูู ูุดููู ูุฑุงู ุชุณุจุจุช ุจูุง ุจุฏุก ูู ุญูุงุฏุซ ุงูุณูุฑ
519,1,ุงููุฑุงู ุงููููุงูู ูุชุนุจู ููุฑุฌู ูุงููู ูุนูู ููู ุนูุฏู ููู ูุญุฏู
520,1,ุชุนุงูู ุงููุณุงุก ูุงููู ูุงูููููู
521,0,ูู ุงูุธูู ูููุฑุงู ุชูููููุง ุจุงูุนูู ูู ุงูููุงุฌู
522,1,ุงุนูุฐ ุจุงููู ูู ุดุฑ ุงููุฑุงู ูููุฑูุง ุญุชู ุงูุงูุจูุงุก ูู ูุณูููุง ูููุง
523,0,ุงููุฑุงู ูุงุฏุฑู ุนูู ุงู ุชูุฒ ุงูุนุงูู ุจูุณุงุฑูุง
524,0,ุงููุณุงุก ููุฏูู ุงููุซูุฑ ูุงุทูุงููู ูููุณูู ุงููุณูู
525,0,ูุฎุงู ุงูุฑุฌุงู ูู ุชุณูุท ุงููุณุงุก
526,0,ููุฌุฏ ุงููุซูุฑ ูู ุงูุญููุงุช ูุฏุนู ุงููุณุงุก ุงูุฐูู ูุนุงููู ูู ุงูุนูู
527,1,ุงููุฑุงู ุชูุฑู ุงููุฑุงู ุบูุฑู ุญูุฏ ุญุณุฏ ุชุฎูู ุนููู
528,0,ุชุจูู ุงููุณุงุก ุทูู ุนูุฑูุง ุชุทุงูุจ ุจุญููููุง
529,0,ุชุญุฑูุฑ ุงููุฑุงู ูุชุญุฑูุฑ ุงููุทู ูุฑุชุจุทุงู
530,0,ููุงุฐุง ุชุชุนุทุฑ ุงููุฑุงู  ููู ุงูุนุทุฑ ุฐุงุชู  ุ
531,0,ุถุญู ุงููุฑุงู ุนูู ุงูููุงุช ุงูุณุฎููู ูุฑุฌู ูุง ูุงูุชูุงููุง ุญุชู ุจุงุญุงุฏูุซู ุงูุนุงุจุฑู ุฏูุงูู ูููู ุนูู ุงุนุฌุงุจูุง ุจู
